-- MySQL dump 10.19  Distrib 10.3.31-MariaDB, for debian-linux-gnu (x86_64)
--
-- Host: localhost    Database: ohnaco
-- ------------------------------------------------------
-- Server version	10.3.31-MariaDB-0ubuntu0.20.04.1

/*!40101 SET @OLD_CHARACTER_SET_CLIENT=@@CHARACTER_SET_CLIENT */;
/*!40101 SET @OLD_CHARACTER_SET_RESULTS=@@CHARACTER_SET_RESULTS */;
/*!40101 SET @OLD_COLLATION_CONNECTION=@@COLLATION_CONNECTION */;
/*!40101 SET NAMES utf8mb4 */;
/*!40103 SET @OLD_TIME_ZONE=@@TIME_ZONE */;
/*!40103 SET TIME_ZONE='+00:00' */;
/*!40014 SET @OLD_UNIQUE_CHECKS=@@UNIQUE_CHECKS, UNIQUE_CHECKS=0 */;
/*!40014 SET @OLD_FOREIGN_KEY_CHECKS=@@FOREIGN_KEY_CHECKS, FOREIGN_KEY_CHECKS=0 */;
/*!40101 SET @OLD_SQL_MODE=@@SQL_MODE, SQL_MODE='NO_AUTO_VALUE_ON_ZERO' */;
/*!40111 SET @OLD_SQL_NOTES=@@SQL_NOTES, SQL_NOTES=0 */;

--
-- Table structure for table `answer`
--

DROP TABLE IF EXISTS `answer`;
/*!40101 SET @saved_cs_client     = @@character_set_client */;
/*!40101 SET character_set_client = utf8 */;
CREATE TABLE `answer` (
  `answerid` int(11) NOT NULL AUTO_INCREMENT,
  `answercontent` varchar(2000) DEFAULT NULL,
  `answerdate` datetime(6) DEFAULT NULL,
  `likes` int(11) NOT NULL,
  `questionid` int(11) DEFAULT NULL,
  `userid` varchar(20) DEFAULT NULL,
  PRIMARY KEY (`answerid`),
  KEY `answer_ibfk_2` (`questionid`),
  KEY `answer_ibfk_1` (`userid`),
  CONSTRAINT `answer_ibfk_1` FOREIGN KEY (`userid`) REFERENCES `user` (`userid`) ON DELETE CASCADE,
  CONSTRAINT `answer_ibfk_2` FOREIGN KEY (`questionid`) REFERENCES `question` (`questionid`) ON DELETE CASCADE
) ENGINE=InnoDB AUTO_INCREMENT=124 DEFAULT CHARSET=utf8mb4;
/*!40101 SET character_set_client = @saved_cs_client */;

--
-- Dumping data for table `answer`
--

LOCK TABLES `answer` WRITE;
/*!40000 ALTER TABLE `answer` DISABLE KEYS */;
INSERT INTO `answer` VALUES (73,'※ 다른 더 좋은 방법이 있을 수 있습니다.. 참고만 하시길\n```\ndata = {\'a\': [\'asd.fgh\', \'abcd.efg\', \'123.456\']}\ndf = pd.DataFrame(data=data)\ncList = []\ndList = []\nfor idx, row in df.iterrows():\n    charList = row[\'a\'].split(\'.\')\n    cList.append(charList[0])\n    dList.append(charList[1])\ndf[\'c\'] = pd.DataFrame(cList)\ndf[\'d\'] = pd.DataFrame(dList)\nprint(df)\n#           a     c    d\n# 0   asd.fgh   asd  fgh\n# 1  abcd.efg  abcd  efg\n# 2   123.456   123  456\n```\n그리고 뒤 늦게 위 코드를 다시 살펴봤는데, 잘 동작하는데요? 이게 저 보다 더 나은 방법 같기도.. ㅎㅎ\n```\ndata = {\'a\': [\'asd.fgh\', \'abcd.efg\', \'123.456\', \'123.456.789\']}\ndf = pd.DataFrame(data=data)\nfor i in range(len(df)):\n    df.loc[i, \'c\'], df.loc[i, \'d\'] = str(df.loc[i, \'a\']).split(sep=\'.\', maxsplit=1)\nprint(df)\n#              a     c        d\n# 0      asd.fgh   asd      fgh\n# 1     abcd.efg  abcd      efg\n# 2      123.456   123      456\n# 3  123.456.789   123  456.789\n```','2021-08-19 10:32:31.467871',0,56,'8HK63Z9CSQW10'),(78,'좋은 정보 감사합니다!','2021-08-19 10:43:56.079306',0,57,'8HK63Z9CSQW10'),(89,'## Java와 JavaScript의 차이점\n두 언어는 완전히 다른 언어이다.\n\n이름은 비슷하지만 둘은 완전 다르다.\n\nex. 햄과 햄스터, 인도와 인도네시아\n\n### Java는 Server용 언어\n다른 언어와 다르게 컴파일된 코드가 플랫폼 독립적이다.\n\n무슨 뜻이냐면, CPU나 운영체제의 종류에 관계없이 어디서나 실행 가능하다.\n\nC를 비롯한 다른 언어들은 플랫폼마다 다르게 개발해야 한다.\n\n\"자바로 만들지 못하는 프로그램은 없다\"\n\n변수 자료형이 반드시 선언, 컴파일 과정을 거친다.\n\n### JavaScript는 Client용 언어\n\"웹사이트에 생명을 불어 넣어주는 마법의 언어\"\n\n이 JavaScript를 이용해 웹 페이지를 동적으로 바꿔준다.\n\n이 JavaScript를 웹 브라우저 밖으로 꺼내준 Node.js\n\n변수 자료형을 미리 선언하지 않아도 브라우저가 자동으로 파악\n\n컴파일 과정을 거치지 않는다.','2021-08-19 11:01:43.510879',0,55,'629Q0LC8H2OC7'),(90,'자바의 배열은 레퍼런스로 전달됩니다. 작성하신 코드는 하나의 배열에 대해 오름차순 정렬 후 다시 내림차순 정렬하기 때문에 내림차순 결과만 출력됩니다.\n\n다시말해 arr, ascSortedArr, decSortedArr 은 같은 배열을 바라보고 있습니다.\n\n아래처럼 출력 순서를 바꿔보시면 의도하신대로 출력될꺼에요.\n```\n        int[] ascSortedArr = new int[100];\n        ascSortedArr = ascBubbleSort(arr);\n        for(int j = 0; j &lt; arr.length; j++) {\n            System.out.println(ascSortedArr[j]);\n        }\n        int[] decSortedArr = new int[100];\n        decSortedArr = decBubbleSort(arr);\n        for(int j = 0; j &lt; arr.length; j++) {\n            System.out.println(decSortedArr[j]);\n        }\n```','2021-08-19 11:02:43.410913',0,60,'629Q0LC8H2OC7'),(92,'\n재귀호출에 대해 다시 이해하면 좋을 것 같네요.\n\nhttps://www.youtube.com/watch?v=Mga1rElzrVo\n\nhttps://marobiana.tistory.com/79','2021-08-19 11:04:12.077513',0,62,'629Q0LC8H2OC7'),(93,'자바스크립트 기반으로 프론트쪽 기술 스택을 쌓으셨다면 백엔드도 자바스크립트로 가져가시는게 아무래도 좋아 보입니다. 자바스크립트로 백엔드 하시려면 nodeJS 공부하시면 됩니다. 요즘 트렌드는... 입문에 장벽이 있긴 하지만 자바 스프링이 제일 많이 쓰이고, 최근에는 파이썬 장고도 자주 보이더라구요. 그 외에 루비온레일즈, JSP, PHP, ASP.Net 등 백엔드 기술들이 있습니다.\n\n완전히 새로운 기술을 처음부터 새로 배워나가는 건 분명 어려움이 있을 겁니다. 본인의 기술 스택을 정리해보고 활용, 연계할 수 있는 언어들을 기반으로 확장해나가는게 바람직합니다.','2021-08-19 11:04:42.797808',0,61,'629Q0LC8H2OC7'),(98,'가장 좋은 방법은 data가 외부에서 읽어질 필요가 없도록 설계 하는 것입니다.  \n차선으로는 또 다른 thread에서 data가 null이 아닐때 까지 watch 하면서 대기하는 방법이 있어요!!','2021-08-19 11:10:11.592409',0,69,'ZBBEE3OA3N89L'),(102,'재귀함수는 말이죠 \n\n자신을 호출할때마다 새로운 스택공간을 창조하고 거기에 함수의 지역변수를 만들어 사용하므로 자신을 호출한 전단계의 지역변수값과 아무런 연관도 없답니다. \n\n그래서 전단계의 계산결과가 초기화되는 일은 없을거예요.\n그리고 재귀호출후 출력하는것은 2진수를 구하는 공식 그대로죠.','2021-08-19 11:17:23.208951',0,62,'8HK63Z9CSQW10'),(104,'운용 목적에 따라 리눅스가 다재다능하게 활용될 수 있겠죠.\n\n로컬에서 작업한 뒤 리눅스 서버에 배포하여 활용하는, 일반적인 웹서버의 역할로도 사용할 수 있을 것이고... 리눅스 GUI 환경에서 IDE 설치한 후 개발 진행해도 될 것이고... 리눅스 CLI 환경에서 vim으로 개발 진행해도 될 것이고...\n\n어떤 방법이든 다 한 번씩은 시도해보시는 것을 추천드립니다! 리눅스는 도구이기 때문에, \'리눅스를 OS로 두고 개발을 한다는 것\'이라는 문장 단어 하나하나에 집중하지 마시기 바랍니다. 질문에서 말씀하신 어느 방법이든 다 괜찮습니다 ㅎㅎ\n\n말씀하신 방법들을 하나씩 해보다보면... 앞으로 어떻게 리눅스를 활용해야 할지, 특정 상황에서 어떤 방식을 이용해야 할 지 감이 잡히실 겁니다. 열공하세요!','2021-08-19 11:18:37.422057',0,74,'W963651S7589J'),(106,'```\nSystem.out.println(\"학생수를 입력하시오\");\nnum = scan.nextInt();\n```\n여기서 학생수를 num 변수에 받았으니, 이 값을 사용해서 score 배열 크기를 할당하면 됩니다.\n```\n//int score[] = {0};\nint score[] = new int[num]\n```\n이렇게 수정하면 되겠습니다.','2021-08-19 11:20:50.809860',0,73,'629Q0LC8H2OC7'),(107,'위 소스를 제가 돌려본 게 아니라서 자세하게는 답변 드리기 어렵지만, 대강 읽어만 보자면,문제는 int gamers_num에 있습니다.\n\n로직이 전체적으로 gamers_num의 값을 기준으로 for를 돌고 게임 진행이 가능한지 체크하고 그러고 있거든요. 그러다가도 어느 시점에서는 player[i]를 \"탈락\"시키려고 시도합니다. 그나마도 실제로 일어나는 일은 player[i]가 player에서 사라지는 것이 아니고 단지 gamers_num--;뿐이거든요. 다시 말하면... 해당 플레이어가 정말로 링에서 내려오는 일은 없고, 단지 전광판 숫자만이 바뀌고 있는 것 같다 이 말입니다.\n\n자바는 잘 몰라서 구체적인 코드 작성은 못하겠지만, 저보고 다시 짜라고 하면 getNextPlayer(currentPlayer) 메소드를 하나 정의해서 처리하겠습니다. 이 메소드가 Player 인스턴스를 반환할 경우에는 그 인스턴스에 대해서 뭔가 할 수 있을 테고, null이라면 break를 걸면 되겠지요. 그리고 getNextPlayer() 메소드는, 지금 링 위에 올라와 있는 선수가 누구누구인지 인자로 받은 currentPlayer가 링 위에 있는지 그렇다면 다음 선수는 누구인지 그런 거만 전담해서 판별하고 반환하는 메소드가 될 테구요.\n\n참고가 되면 좋겠네요.','2021-08-19 11:21:52.405086',0,76,'ZP4XBO036G25W'),(108,'기본적으로 리눅스에서 뭔가를 개발한다 뭔가를 서비스 한다는것은 리눅스를 알기 이전에 서비스를 하는 서버라는게 뭔지에 대해서 우선적으로 이해를 하는게 좋습니다. 일반적으로 우리가 사용 하는 서버라고 하는 것은 뭔가 철제 렉으로 된 곳에 납작한 하드웨어를 차곡차곡 쌓은 것을 서버로 알고 있습니다.\n\n그러나 서버란 그런 하드웨어적인 분류가 아니고 단순히\n\n\'클라이언트에게 네트워크를 통해 서비스를 하는 컴퓨터\'\n\n로 표현 할 수 있습니다. 그 컴퓨터는 값비싼 클라우드 서버, 단순히 게임용 스펙에 설치된 서버, 그리고 손바닥 만한 크기의 컴퓨터도 서버가 될 수 있다는 겁니다.\n\n별거 아닌거 같지만 일단 이게 생각보다 중요한 개념입니다.\n\n그럼 왜 하필 리눅스냐 라고 생각하신다면 아래와 같은 이유가 좀 있습니다.\n\n리눅스를 사용 하는 이유\n\n무료(서비스를 하기 위한 같은 스펙의 윈도우 서버는 비용이 어마어마하게 비쌉니다.) 기본적인 높은 하드웨어 퍼포먼스.(어지간한 오래된 컴퓨터 메모리 1기가 짜리 컴퓨터도 무난하게 잘 돌아갑니다.) 용도에 맞는 다양한 배포판 리눅스로 인해 선택의 폭이 커짐.(이건 좀 나중의 얘기입니다.) 커널부터 모든 OS 소스가 오픈 소스라서 본인이 원하지 않는(혹은 최적화를 하기 위해서) 가볍게 커스텀 가능.(실제로 어마어마한 업체가 이렇게 씁니다. ex : Amazon Linux, android) 다양한 배포판, 복잡한 파일관리 시스템, 기타 등등 때문에 악성코드(실제로 악성코드 대부분이 windows 타겟팅이 강합니다.)로 부터 다소 안전함.(그래도 털릴 서버는 다털림 ㅠㅠ) 이상 그 외에도 등등이 있습니다.\n\n리눅스를 OS로 두고 개발한다는게 상상이 안되신다는게 무슨 말씀인지 이해가 됩니다. 다만 지금 윈도우 환경에서 개발하고 있는걸 그냥 리눅스라는 OS에서 한다는 말로 있는 그대로 받아들이기만 하면 됩니다.\n\n리눅스는 윈도우와 같은 그냥 OS일 뿐입니다. 다만 그 표현 방식이 윈도우랑은 좀 다를 뿐입니다.','2021-08-19 11:22:30.051021',0,74,'ZP4XBO036G25W'),(109,'사용자로 부터 지역을 입력받지 않고 바로 날씨를 불러온다면\n\nonCreate에서 바로 API를 호출하고 그 값을 파싱하여 이미지를 표시해도 됩니다.\n\n이 때 imageView를 동적으로 생성해서 리소스를 imageView에 설정 합니다.\n\n만약 API 로딩이 오래걸린다면 먼저 onCreate에서 로딩 이미지를 보여주고 비동기로 API를 호출 한 뒤 이미지를 보여 줄 수도 있습니다.\n\n만약 사용자로부터 지역을 입력 받는다면 먼저 input view를 이용해 값을 입력받은 뒤 onClick 된 후 API 과정을 진행 하면 됩니다.\n\n이처럼 구현에는 다양한 방식이 있고 activity의 라이프사이클에 대한 학습이 먼저 필요합니다.','2021-08-19 11:23:06.260171',0,65,'ZP4XBO036G25W'),(110,'Vue는 현재 활성화된 인스턴스에서 데이터 변경을 관찰하고 이에 반응하는 좀 더 일반적인 방법인 watch 속성을 제공합니다. 다른 데이터를 기반으로 변경해야 하는 데이터가 있는 경우, watch 를 과도하게 쓰고자 하는 유혹이 있습니다. 특히 AngularJS 기반에서 온 경우 그렇습니다. 그러나 명령형 watch 콜백보다 computed 속성을 쓰는 것이 더 나은 경우가 많습니다. watch는 코드를 반복하게 되어 computed를 사용하여 더 간단한 코드를 만들 수 있습니다. 반면에 watch는 데이터 변경에 대한 응답으로 비동기 혹은 비용이 많이 드는 작업을 수행하려는 경우가 가장 유용합니다.\n\n해당 공식문서를 확인해주세요 https://v3.ko.vuejs.org/guide/computed.html','2021-08-19 11:23:17.848824',0,66,'ZP4XBO036G25W'),(111,'```str.split + expand=True 가 가장 간단합니다.```\n```\nPython 3.8.5 (tags/v3.8.5:580fbb0, Jul 20 2020, 15:57:54) [MSC v.1924 64 bit (AMD64)] on win32\nType \"help\", \"copyright\", \"credits\" or \"license()\" for more information.\nimport pandas as pd\ndf = pd.DataFrame({\"a\":[ \"abc,def\", \"eig,esi\", \"333,ee1\"]})\ndf\n         a\n0  abc,def\n1  eig,esi\n2  333,ee1\ndf[\"a\"].str.split(\",\")\n0    [abc, def]\n1    [eig, esi]\n2    [333, ee1]\nName: a, dtype: object\ndf[\"a\"].str.split(\",\", expand=True)\n     0    1\n0  abc  def\n1  eig  esi\n2  333  ee1\ndf[[\"a1\", \"a2\"]] = df[\"a\"].str.split(\",\", expand=True)\ndf\n         a   a1   a2\n0  abc,def  abc  def\n1  eig,esi  eig  esi\n2  333,ee1  333  ee1\n```','2021-08-19 11:26:17.657407',0,56,'9770KR3A401MC'),(113,'위 자바코드와 동일한 의사코드입니다. 어느라인이 어디에 대응되는지 스스로 생각해 보세요.\n```\n이진수로출력(출력할수):                       // 출력할수가 101001 이었다면\n   마지막자리수 = 마지막자리수구하기(출력할수)   // 마지막자리수는             1\n   마지막자리수뺀수 = 마지막자리수떼기(출력할수)  // 마지막자리수뺀수는    10100\n   이진수로출력(마지막자리수뺀수)               // 여기선 윗다섯자리     10100 출력됨.\n   마지막자리수이어서출력(마지막자리수)          // 마지막자리수 불여서        1 출력됨.\n                                           // 결국                101001 이 출력됨.\n```','2021-08-19 11:30:45.148669',0,62,'9770KR3A401MC'),(114,'run에서 return을 하는 방법은 없습니다.   \n run이 비동기 적으로 실행 되므로 data에서 값을 읽으려면 run 된 후에 읽어야 데이터가 표시됩니다.','2021-08-19 11:32:00.583445',0,69,'W963651S7589J'),(115,'감사합니다!!','2021-08-19 11:32:07.039426',0,74,'8HK63Z9CSQW10'),(116,'Exception in thread \"main\" java.lang.ArrayIndexOutOfBoundsException: 1 at javaprac.hello.main(hello.java:19)\n\n상기의 예외 메세지는 배열의 길이가 잘못되어 유효하지 않은 범위를 선택했을때 발생합니다.\n```\njshell int score[] = {0};\nscore == int[1] { 0 }\n```\n코드를 보면 1개짜리 배열을 선언했습니다. 그런 관계로 1명 했을때는 정상적으로 배열에 저장이 될 수 있지만 2명째에는 오류가 발생하게 됩니다.\n\n배열을 늘리던지 배열대신 ArrayList 를 사용하세요.','2021-08-19 11:33:54.227484',0,73,'9770KR3A401MC'),(117,'첫번째로 deque를 사용하지 않으면 해당 문제에서는 시간초과가 발생합니다.\n```\nresult = 0\nfor i in table:\n    for j in i:\n        if j == 0:\n            print(-1)\n            exit(0)\n    result = map(result, max(i))\nprint(result - 1)\n```\n이 부분을 다음과 같이 수정해보세요! 0이 있다면 -1을 출력하고 exit(0)으로 빠져나와야 하고 최댓값 구하기를 2중 for문 안에서 해야합니다.\n```\nans = 0\nfor i in range(M):\n    for j in range(N):\n        a = table[i][j]\n        if a == 0:\n            print(-1)\n            exit(0)\n        ans = max(ans, a)\nprint(ans - 1)\n```','2021-08-19 11:35:04.852243',0,72,'8HK63Z9CSQW10'),(118,'`str.split + expand=True` 를 사용하면 더 간단하게 작동하는군요! 좋은 정보 감사합니다','2021-08-19 11:36:36.046940',0,56,'6OT8072V58Z5N'),(119,'저도 파이썬을 쓰는데 VScode가 제일 편하긴합니다ㅎㅎ 알고리즘 문제 풀 때는 버전 문제로 다운그레이드 된 버전을 Pycham을 적용해서 사용하기도 해요','2021-08-19 11:41:48.626489',0,75,'6OT8072V58Z5N'),(123,'저는 언어는 Java, Ide는 인텔리제이를 사용합니다. 인텔리제이 적극 추천합니다!','2021-08-20 03:33:30.558896',0,75,'8HK63Z9CSQW10');
/*!40000 ALTER TABLE `answer` ENABLE KEYS */;
UNLOCK TABLES;

--
-- Table structure for table `article`
--

DROP TABLE IF EXISTS `article`;
/*!40101 SET @saved_cs_client     = @@character_set_client */;
/*!40101 SET character_set_client = utf8 */;
CREATE TABLE `article` (
  `articleid` int(11) NOT NULL AUTO_INCREMENT,
  `title` varchar(100) NOT NULL,
  `content` varchar(200) DEFAULT NULL,
  `link` varchar(500) NOT NULL,
  `blogid` int(11) NOT NULL,
  `image` varchar(500) DEFAULT NULL,
  `publisheddate` datetime DEFAULT NULL,
  PRIMARY KEY (`articleid`),
  KEY `blogid` (`blogid`),
  CONSTRAINT `article_ibfk_1` FOREIGN KEY (`blogid`) REFERENCES `blog` (`blogid`)
) ENGINE=InnoDB AUTO_INCREMENT=316 DEFAULT CHARSET=utf8mb4;
/*!40101 SET character_set_client = @saved_cs_client */;

--
-- Dumping data for table `article`
--

LOCK TABLES `article` WRITE;
/*!40000 ALTER TABLE `article` DISABLE KEYS */;
INSERT INTO `article` VALUES (266,'FE개발자의 성장 스토리 11 : Electron, 저도 한번 해보겠습니다.','Front End(이하 FE) 개발이라고 하면, 보통 웹(Web) 사이트/페이지 또는 앱을 개발한다고만 생각할 수 있는데요, 오래전부터 Node.js등을 활용해 서버 측 백엔드, PC 프로그램, VR/AR 개발까지 영역을 확장해가고 있습니다.  일렉트론(Electron)을 이용해 GUI 구현과 서버 측 연동으로 데스크톱용','https://tech.kakao.com/2021/08/17/frontend-growth-11/',1,'kakao','2021-08-17 10:28:09'),(267,'Generative Adversarial Networks를 이용한 Nickface 개발','카카오 사내 기술 세미나 Techtalk 여섯 번째 이야기입니다.본 내용은 AI 기술 개발 및 연구를 위함으로 상업적 활동이 아니라는 것을 말씀드립니다.  안녕하세요, 카카오브레인에서 AI 기반 이미지 생성 모델을 연구하고 있는 Orca.na라고 합니다.  유튜브 내에서 활동하는 사람이 늘어나고, 메타버스의 개념이 대두되','https://tech.kakao.com/2021/08/04/nickface/',1,'kakao','2021-08-04 10:10:44'),(268,'[카.올.시.]  Front-End 개발자라면 카카오에 올 시간입니다.','내가 하고 있는 직무가 Front-End라면 주목! 이젠 카카오에 올 시간입니다. 카카오에서 3년 차 이상의 경력자를 대상으로 8월 5일까지 집중 영입을 진행합니다. [공고보기] 무슨 일을 하게 되는지? 어떤 문화를 가지고 있는지? 등 전형을 준비하면서 궁금하실 점이 많으실 것 같아 지난 7월 22일 목요일, 28일 수요','https://tech.kakao.com/2021/07/30/frontend-recruitment/',1,'kakao','2021-07-30 09:26:00'),(269,'[카.올.시.]  Android 개발자라면 카카오에 올 시간입니다.','내가 하고 있는 직무가 Android라면 주목! 이젠 카카오에 올 시간입니다. 카카오에서 3년차 이상의 경력자를 대상으로 8월 5일까지 집중 영입을 진행합니다. [공고보기] 무슨 일을 하게 되는지 ? 어떤 문화를 가지고 있는지? 등 전형을 준비하면서 궁금하실 점이 많으실 것 같아 지난 7월 22일 목요일, 28일 수요일 ','https://tech.kakao.com/2021/07/30/android-recruitment/',1,'kakao','2021-07-30 09:26:00'),(270,'실용주의 데브옵스 for MSA','안녕하세요, 콘텐츠서비스개발팀에서 카카오TV 동영상 빅데이터 수집 및 분석 업무와 동영상 추천 시스템을 개발하고 있는 Knight 라고 합니다. ‘실용주의 데브옵스 for MSA’는 저희가 카카오TV 실서비스를 오픈하기 전에 진행한 데브옵스 시스템 구축에 대한 이야기입니다.  카카오TV가 데브옵스 시스템을 구축하게 된 배','https://tech.kakao.com/2021/07/16/devops-for-msa/',1,'kakao','2021-07-16 10:08:46'),(271,'2021 카카오 인턴십 for Tech developers 코딩 테스트 해설','2021년 카카오의 여름 인턴십의 첫 번째 관문인 코딩 테스트가 지난 2021년 5월 8일에 4시간에 걸쳐 진행되었습니다. 이번 인턴 코딩 테스트에서는 5문제가 출제되었습니다. 이전과 동일하게 쉬운 문제를 앞쪽에, 어려운 문제를 뒤쪽에 배치하였으며, 일부 문제에는 효율성 테스트 케이스를 추가하여 효율적으로 문제를 해결한 ','https://tech.kakao.com/2021/07/08/2021-%ec%b9%b4%ec%b9%b4%ec%98%a4-%ec%9d%b8%ed%84%b4%ec%8b%ad-for-tech-developers-%ec%bd%94%eb%94%a9-%ed%85%8c%ec%8a%a4%ed%8a%b8-%ed%95%b4%ec%84%a4/',1,'kakao','2021-07-08 10:00:37'),(272,'Open Work를 향한 작은 노력들 : 조직의 작은 변화 만들기','카카오 사내 기술 세미나 Techtalk 여섯 번째 이야기입니다. 안녕하세요. 광고개발팀에서 광고계정, 광고빌링을 담당하고 있는 cuddy입니다. 카카오의 일하는 방식인 Open Work가 지향하는 가치들을 달성하기 위해 많은 조직이 Open Work 코칭을 받고 있습니다. 코칭을 통해 많은 배움과 영감을 받지만 결국 우','https://tech.kakao.com/2021/07/05/openwork-cuddy/',1,'kakao','2021-07-05 11:00:24'),(273,'OpenWork, 카카오의 일하는 방식','안녕하세요, 카카오 애자일코치 benedict입니다. 여러분의 팀은 얼마나 열려있으신가요? 더욱더 열린 문화와 열려있는 일하는 방식을 향한 카카오의 지난 여정의 발걸음에서 만들어진 카카오의 일하는 방식인 OpenWork에 대해서 소개하려 합니다. Why Open? 왜 우리의 일들을 오픈해야 할까요? 카카오는 이미 열린 문','https://tech.kakao.com/2021/07/02/openwork-agile/',1,'kakao','2021-07-02 10:15:33'),(274,'카카오 AI추천 : 토픽 모델링과 MAB를 이용한 카카오 개인화 추천','글 작성에는 추천팀 sasha.k와 marv.20가 함께해 주셨습니다. 머신러닝에 대한 기초 지식이 있고, 추천 알고리즘에 관심이 있는 분들에게 카카오 추천팀이 개인화 추천 기술을 활용하는 방법에 대해 공유합니다. 우리의 일상 속에는 수많은 추천이 함께합니다. 카카오 추천팀은 카카오가 제공하는 서비스들에서 여러분들이 더 ','https://tech.kakao.com/2021/06/25/kakao-ai-recommendation-01/',1,'kakao','2021-06-25 10:39:42'),(275,'팀 프로젝트가 나에게 남긴 것','안녕하세요. 테크코스교육개발팀 이원미입니다. 우테코 3기도 어느덧 중반을 지나고 있습니다 : ) 올해는 온라인으로 소통하는 상황이 많아지고, 크루들의 얼굴을 잘 보지 못해서인지 시간이 더욱더 빠르게 흘러가는 것 같아 안타까운데요. 이런 상황 속에서도 본인들이 직접 기획하고 만들어보는 프로젝트 미션을 열심히 진행하면서, 조','https://techblog.woowahan.com/5226/?utm_source=rss&utm_medium=rss&utm_campaign=%25ed%258c%2580-%25ed%2594%2584%25eb%25a1%259c%25ec%25a0%259d%25ed%258a%25b8%25ea%25b0%2580-%25eb%2582%2598%25ec%2597%2590%25ea%25b2%258c-%25eb%2582%25a8%25ea%25b8%25b4-%25ea%25b2%2583-2',3,'woowahan','2021-08-17 13:08:23'),(276,'첫 회사를 우아한형제들에서 시작한 아가 개발자의 걸음마 떼기','배민주문서비스팀 신규 입사자의 파일럿 프로젝트 경험을 공유합니다. 안녕하세요! 6월 21일 배민주문서비스팀에 서버 개발자로 합류하게 된 김경준입니다. 기술 블로그의 글들을 보면서, 언젠간 사람들에게 도움이 될 수 있는 이야기를 공유해야지 꿈만 꾸던 학생이었는데 지금 우아한형제들에 합류하여 글을 적고 있다니..😭 정말 감','https://techblog.woowahan.com/5143/?utm_source=rss&utm_medium=rss&utm_campaign=%25ec%25b2%25ab-%25ed%259a%258c%25ec%2582%25ac%25eb%25a5%25bc-%25ec%259a%25b0%25ec%2595%2584%25ed%2595%259c%25ed%2598%2595%25ec%25a0%259c%25eb%2593%25a4%25ec%2597%2590%25ec%2584%259c-%25ec%258b%259c%25ec%259e%2591%25ed%2595%259c-%25ec%2595%2584%25ea%25b0%2580-%25ea%25b0%259c%25eb%25b0%259c%25ec%259e%2590%25ec%259d%2598',3,'woowahan','2021-08-04 16:04:05'),(277,'가정의 달 이벤트가 쏘아올린 배민선물하기 대란.ssul','안녕하세요. 우아한형제들 배민선물하기팀에서 서비스기획을 담당하고 있는 진예령입니다. 기술블로그는 처음이지만 저희만 알고 있기엔 살짝 억울한(?) 프로젝트가 있어서 스리슬쩍 프로젝트 하나를 공유해보려고 합니다. 😂 저는 원래 프랜차이즈시스템팀에서 브랜드관 기획을 맡고 있었는데요. 작년 10월을 전후로 팀원 전체가 배민서비','https://techblog.woowahan.com/5073/?utm_source=rss&utm_medium=rss&utm_campaign=%25ea%25b0%2580%25ec%25a0%2595%25ec%259d%2598-%25eb%258b%25ac-%25ec%259d%25b4%25eb%25b2%25a4%25ed%258a%25b8%25ea%25b0%2580-%25ec%258f%2598%25ec%2595%2584%25ec%2598%25ac%25eb%25a6%25b0-%25eb%25b0%25b0%25eb%25af%25bc%25ec%2584%25a0%25eb%25ac%25bc%25ed%2595%2598%25ea%25b8%25b0-%25eb%258c%2580%25eb%259e%2580-ssul',3,'woowahan','2021-07-23 17:10:50'),(278,'우아~한 장애대응','안녕하세요. 우아한형제들 시스템신뢰성개발팀 박주희입니다. 얼마 전에 시스템신뢰성개발팀에 대해서 소개한 적이 있습니다. 그때, 팀 소개에서 시스템신뢰성개발팀에서 가장 중요한 업무 중 하나는 장애 대응이라고 설명했는데, 오늘은 이 장애 대응에 대해서 조금 더 자세하게 설명해보려고 합니다. 우아한형제들에게 장애란? 많은 서비스','https://techblog.woowahan.com/4886/?utm_source=rss&utm_medium=rss&utm_campaign=%25ec%259a%25b0%25ec%2595%2584%25ed%2595%259c-%25ec%259e%25a5%25ec%2595%25a0%25eb%258c%2580%25ec%259d%2591',3,'woowahan','2021-06-30 18:13:16'),(279,'우테코에서 찾은 나만의 효과적인 공부법','안녕하세요. 테크코스교육개발팀 이원미입니다. 3기 크루들의 두 번째 방학 (부럽습니다..) 을 앞두고 레벨 2를 마무리하며 작성한 글을 공유합니다 : ) 이번 글쓰기의 주제는 \"우테코에서 찾은 나만의 효과적인 공부법\" 입니다. 우아한테크코스에서는 정해진 답이 없는 학습 방법을 정답이라며 알려주거나, 그를 통해 크루들을 일','https://techblog.woowahan.com/4159/?utm_source=rss&utm_medium=rss&utm_campaign=%25ec%259a%25b0%25ed%2585%258c%25ec%25bd%2594%25ec%2597%2590%25ec%2584%259c-%25ec%25b0%25be%25ec%259d%2580-%25eb%2582%2598%25eb%25a7%258c%25ec%259d%2598-%25ed%259a%25a8%25ea%25b3%25bc%25ec%25a0%2581%25ec%259d%25b8-%25ea%25b3%25b5%25eb%25b6%2580%25eb%25b2%2595-2',3,'woowahan','2021-06-11 09:00:51'),(280,'우아한형제들 기획자 소개와 개발자와의 협업문화 인터뷰','끊임없이 도전하고 혁신하는 우아한형제들!그 중심에는 가치 있는 서비스를 설계하며‘좋은 것을 더 좋게’ 만들기 위해 도전하는 기획자분들이 있습니다. 이번 인터뷰에서는 기획자분들을 만나보겠습니다. 들어가기 전에 안녕하세요, 인터뷰로 다시 찾아온 인재영입팀 입니다.이번에는 두 가지 컨셉의 인터뷰를 진행하였습니다. 첫 번째 컨셉','https://techblog.woowahan.com/4122/?utm_source=rss&utm_medium=rss&utm_campaign=%25ec%259a%25b0%25ec%2595%2584%25ed%2595%259c%25ed%2598%2595%25ec%25a0%259c%25eb%2593%25a4-%25ea%25b8%25b0%25ed%259a%258d%25ec%259e%2590-%25ec%2586%258c%25ea%25b0%259c%25ec%2599%2580-%25ea%25b0%259c%25eb%25b0%259c%25ec%259e%2590%25ec%2599%2580%25ec%259d%2598-%25ed%2598%2591%25ec%2597%2585%25eb%25ac%25b8%25ed%2599%2594',3,'woowahan','2021-06-07 15:30:00'),(281,'우아한형제들 Developer Relations-Updated','2021년 4월 1일 만우절 거짓말같이 우아한형제들 조직도에 Developer Relations(DR 파트)가 등장합니다. (두둥!) DR 1호인 제가 입사한지 2년 하고도 3개월, DR 2호가 입사한지 만 1년 그리고 DR 3호의 입사가 한 달 남은 그 시점에서요 🙂 저는 늘 우아한형제들 구성원이었지만 조직도에 내가 ','https://techblog.woowahan.com/4091/?utm_source=rss&utm_medium=rss&utm_campaign=%25ec%259a%25b0%25ec%2595%2584%25ed%2595%259c%25ed%2598%2595%25ec%25a0%259c%25eb%2593%25a4-developer-relations-updated',3,'woowahan','2021-04-28 13:00:00'),(282,'[모집] 2021우아한테크캠프 4기','우아한개발자가 되고 싶은 이들을 위한 우아한테크캠프 4기를 소개합니다. 우아한테크캠프는 여름 방학기간을 활용해 진행되는 채용 연계형 교육 프로그램입니다. 교육은 사회적 상황에 따라 온라인 혹은 온/오프라인 병행 등 안전하고 유연한 교육방식을 준비하고 있습니다. 올해 4회차를 맞는 우아한테크캠프는 어떤 특징이 있나? 🏝 ','https://techblog.woowahan.com/2724/?utm_source=rss&utm_medium=rss&utm_campaign=%25eb%25aa%25a8%25ec%25a7%2591-2021%25ec%259a%25b0%25ec%2595%2584%25ed%2595%259c%25ed%2585%258c%25ed%2581%25ac%25ec%25ba%25a0%25ed%2594%2584-4%25ea%25b8%25b0',3,'woowahan','2021-04-20 13:00:00'),(283,'퇴사 부검','안녕하세요 (구) 배달의민족 정산시스템팀 개발자, (현) 유튜브 크리에이터 이동욱입니다. 제가 2021년 4월 19일(월) 퇴사를 합니다. 퇴사에 대한 이야기를 개인적으로 운영하는 유튜브 채널에 부검 발표를 했는데요. (배달의민족 개발자 퇴사썰 – 부검 발표 시작합니다.) 이 영상을 보시고 기술 블로그에 진심이신 분의 연','https://techblog.woowahan.com/2723/?utm_source=rss&utm_medium=rss&utm_campaign=%25ed%2587%25b4%25ec%2582%25ac-%25eb%25b6%2580%25ea%25b2%2580',3,'woowahan','2021-04-18 08:30:00'),(284,'제모옥은 젠킨스 조회로직 개선으로 하겠습니다. 근데 이제 비동기를 곁들인','제목의 밈은 조림요정의 휴먼강록체입니다. Intro 평화로운 2020년 9월의 어느 날… 데일리 미팅을 마치고 일감을 정리하던 저에게 한 가지 요청이 들어왔습니다. \"우빈님 여기 로직이 오래 걸리면 90초 넘게 걸리고 있는데 한번 개선할 수 있을지 확인 부탁드려요.\" ‘읭 아니 대체 어떤 레거시길래 90초씩이나 걸리는거야','https://techblog.woowahan.com/2722/?utm_source=rss&utm_medium=rss&utm_campaign=%25ec%25a0%259c%25eb%25aa%25a8%25ec%2598%25a5%25ec%259d%2580-%25ec%25a0%25a0%25ed%2582%25a8%25ec%258a%25a4-%25ec%25a1%25b0%25ed%259a%258c%25eb%25a1%259c%25ec%25a7%2581-%25ea%25b0%259c%25ec%2584%25a0%25ec%259c%25bc%25eb%25a1%259c-%25ed%2595%2598%25ea%25b2%25a0%25ec%258a%25b5%25eb%258b%2588%25eb%258b%25a4-%25ea%25b7%25bc',3,'woowahan','2021-04-06 13:00:00'),(285,'국제화(i18n) 자동화 가이드','# 국제화(i18n) 자동화 가이드\n\n글로벌을 무대로 서비스하는 웹 애플리케이션은 국제화(i18n)가 필수다. 이를 위하여 국제화 라이브러리를 사용하거나 직접 구현하기도 한다. 이 글은 국제화 지원을 위한 개발과 번역 과정에서 이른바 \"복붙\"이나 반복적인 수작업으로 인해 고통받는 모든 프런트엔드 개발자를 위하여 작성하였다','https://meetup.toast.com/posts/295',5,'nhn','2021-08-17 10:40:29'),(286,'모킹 통합관리와 cypress의 모킹 on/off 기능','# 모킹 통합관리와 cypress의 모킹 on/off 기능 \n\n모킹 데이터는 테스트를 실행하기 위해 실제 데이터가 아닌 개발자가 필요에 의해서 만든 데이터를 말한다. 그렇다면 모킹 데이터를 사용하는 목적은 무엇일까? \n\n- e2e 테스트 환경에서 실제 데이터가 유동적으로 변경돼서 기댓값을 비교하기 어려운 경우 \n- UI ','https://meetup.toast.com/posts/294',5,'nhn','2021-08-02 17:43:00'),(287,'Chromium이 발표한 RenderingNG가 무엇인가?','# Chromium이 발표한 RenderingNG가 무엇인가?\n\n필자는 현재 프런트엔드 개발자지만 Webkit 기반의 브라우저를 개발한 적이 있다. 주로 HTML5 스펙 지원과 각종 CSS 기능을 지원하기 위해 렌더링 엔진을 다양한 운영체제에 맞게 포팅하는 것이었다. 렌더링 엔진의 추상화된 레이어는 동일하지만, 실제 장치','https://meetup.toast.com/posts/293',5,'nhn','2021-07-16 10:53:46'),(288,'EasyCache의 Multi Replica 기능 소개','`EasyCache` 서비스는 사용자가 직접 `Redis`를 설치하지 않고도 클라우드 환경에서 쉽게 이용할 수 있도록 해주는 `NHN Cloud`의 KVS 서비스입니다.\n이번에 `EasyCache` 서비스에 새롭게 추가된 멀티 레플리카 기능에 대해 알아보도록 하겠습니다.\n\n## 복제 그룹과 레플리카 노드\n\n`EasyCac','https://meetup.toast.com/posts/292',5,'nhn','2021-07-15 16:55:38'),(289,'우리의 Thread는 왜 이렇게 부자가 되었을까?','안녕하세요. \nNHN Cloud 서비스에서 공통적으로 사용되는 Framework(결제, 인증, 권한 등)를 개발하고 있는 프레임워크개발팀 박시우입니다. \n최근 저희 팀에서 OOM 이슈 관련하여, 분석해 본 결과 병렬 처리 진행을 위해 ForkJoinPool을 사용하게 되면서 겪은 이슈에 대해 공유드리고자 합니다. \n발생 ','https://meetup.toast.com/posts/291',5,'nhn','2021-07-12 18:30:10'),(290,'게으른 개발자의 코딩 방법: AI주도 개발방법론','## 프롤로그 \n\n4차 산업혁명시대로 불리는 현재, 우리는 AI가 대중화된 시대에 살고 있다. 그리고 업무에도 깊숙하게 AI는 적용되고 있다. 과거부터 사무 처리 업무의 자동화는 관심거리였고, 매크로, RPA(Robotic Process Automation) 등으로 표현되며 사무 자동화도 계속 발전하며, 업무 처리의 효율','https://meetup.toast.com/posts/290',5,'nhn','2021-07-09 13:53:28'),(291,'뼈대 있는 가문의 데이터로 만들기','데이터 처리, 집계, 모델링 업무를 수행하다 보면 인지하지 못하는 복잡한 상관관계가 만들어지게 됩니다.\n특히 테이블이라고 표현되는 Relational Database의 DataSet들은 조회 용으로 쓰이는 경우도 있지만 \n많은 경우 다른 DataSet의 입력이 되거나 참조하는 meta성 데이터가 되기도 합니다.\n\n그러다 ','https://meetup.toast.com/posts/289',5,'nhn','2021-07-08 11:13:24'),(292,'Terraform: IaC의 단짝','## 목차\n\n* Terraform과 IaC\n* Terraform 설치\n* 준비\n* 인프라 구축\n* 인프라 변경\n* 인프라 제거\n* 그래프\n\n\n## 개요 \n\n훌륭한 IaC(Infrastructure as Code) 도구인 Terraform을 사용하여 NHN Cloud의 리소스(서버 인스턴스 등)를 만들고 변경하고 제거하는 ','https://meetup.toast.com/posts/288',5,'nhn','2021-07-05 18:32:54'),(293,'NAT 게이트웨이 기능 소개','# NAT 게이트웨이 \n## 기본 사항 \n* NAT 게이트웨이를 이용하면 인터넷 게이트웨이가 연결되지 않은 인스턴스들이 특정 CIDR에 대해서 인터넷 액세스를 할 수 있습니다. \n* NAT 게이트웨이는 고정된 소스 IP로 인터넷을 액세스 합니다. 특정 소스 IP에 대해서만 내부 접근을 허용하는 방화벽 정책을 운영하는 경우','https://meetup.toast.com/posts/287',5,'nhn','2021-07-02 11:27:11'),(294,'Github Actions으로 배포 자동화하기','# Github Actions으로 배포 자동화하기 \n\n![1.png](https://image.toast.com/aaaadh/real/2021/techblog/1%2818%29.png)\n\n## Github Actions이란? \n\n`Github Actions`이란 Github에서 제공하는 워크플로우(workflow)를 자동','https://meetup.toast.com/posts/286',5,'nhn','2021-07-02 10:48:10'),(295,'검색 영역 탐색을 위한 인덱싱 플랫폼의 변천사','-프롤로그검색은 고객이 쿠팡에서의 여정을 시작하는 주요 통로다. 검색 경험은 고객이 ‘쿠팡 없이 어떻게 살았을까?’ 라고 묻는 세상을 만들기 위해, 쿠팡이 달성해야 하는 미션의 핵심이다. 쿠팡 검색엔진의 목표는 고객 검색 키워드를 기반으로 최고의 프로덕트(연관상품, 랭킹, 상품평, 가격, 브랜드)를 제공하는 것이다. 관련','https://medium.com/coupang-tech/%EA%B2%80%EC%83%89-%EC%98%81%EC%97%AD-%ED%83%90%EC%83%89%EC%9D%84-%EC%9C%84%ED%95%9C-%EC%9D%B8%EB%8D%B1%EC%8B%B1-%ED%94%8C%EB%9E%AB%ED%8F%BC%EC%9D%98-%EB%B3%80%EC%B2%9C%EC%82%AC-eec241758e84?source=rss----fb028911af07---4',6,'coupang','2020-05-07 15:59:50'),(296,'당근마켓 팀과 데이터 분석','프로덕트 데이터 분석가는 어떤 일을 하는가안녕하세요 당근마켓 중고거래팀 그로스파트에서 데이터 분석을 하고 있는 매튜라고 해요.당근마켓은 월 1500만 명이 쓰는 서비스로 성장했어요. 당근마켓은 기능적으로 보면 중고거래 서비스이지만, 커뮤니티의 성격을 많이 가지고 있어요. 당근마켓의 사용자는 상당히 자주 당근마켓을 방문하고','https://medium.com/daangn/%EB%8B%B9%EA%B7%BC%EB%A7%88%EC%BC%93-%ED%8C%80%EA%B3%BC-%EB%8D%B0%EC%9D%B4%ED%84%B0-%EB%B6%84%EC%84%9D-b3d5af6159bc?source=rss----4505f82a2dbd---4',7,'daangn','2021-08-17 12:18:43'),(297,'당근런치를 만들어봤어요.','당근런치를 만들어봤어요때는 2021년 5월,당근마켓 iOS팀에서는 엔터프라이즈 배포를 한창 준비중이었어요.당근마켓 iOS팀에서 애플측에 사내에서 사용할 서비스를 제공하기 위해 엔터프라이즈를 신청 했었고, 어떤 사내 서비스를 만들어 볼지 동료들이 같이 고민을 했었어요.제 머릿속에는 항상? 재미난 짓을 벌일 마구니?가 잔뜩끼','https://medium.com/daangn/%EB%8B%B9%EA%B7%BC%EB%9F%B0%EC%B9%98%EB%A5%BC-%EB%A7%8C%EB%93%A4%EC%96%B4%EB%B4%A4%EC%96%B4%EC%9A%94-18c368552da6?source=rss----4505f82a2dbd---4',7,'daangn','2021-08-09 10:51:30'),(298,'네이티브 개발자와 함께하는 피드 서비스 설계하기','지난 4년전에 Vingle재직 당시 Texture를 기반으로 피드 퍼포먼스를 개선 했던 적이 있었어요. 당시 기억과 추억들 되돌아보니 감회가 새롭네요 :]Improvement feed performance with Texture(AsyncDisplayKit)초기에 당근마켓 피드는 UITableView기반으로 cell si','https://medium.com/daangn/%EB%84%A4%EC%9D%B4%ED%8B%B0%EB%B8%8C-%EA%B0%9C%EB%B0%9C%EC%9E%90%EC%99%80-%ED%95%A8%EA%BB%98%ED%95%98%EB%8A%94-%ED%94%BC%EB%93%9C-%EC%84%9C%EB%B9%84%EC%8A%A4-%EC%84%A4%EA%B3%84%ED%95%98%EA%B8%B0-6c5a5aa2b11f?source=rss----4505f82a2dbd---4',7,'daangn','2021-08-09 10:48:25'),(299,'당근마켓) XcodeGen 에서 Tuist 로 전환하기','오늘은 당근마켓 iOS 프로젝트 구성 툴을 XcodeGen 에서 Tuist 로 전환하게 된 이야기를 해보려고 합니다.Tuist 는 Swift 로 작성된 Xcode 관리 툴입니다. XcodeGen 과 비슷한 점이 많지만 프로젝트 구성을 Swift 파일로 작성할 수 있고, 기능이 더 많다는 특징이 있습니다.기존 프로젝트먼저 ','https://medium.com/daangn/xcodegen-%EC%97%90%EC%84%9C-tuist-%EB%A1%9C-%EC%A0%84%ED%99%98%ED%95%98%EA%B8%B0-3f0156e0c2ea?source=rss----4505f82a2dbd---4',7,'daangn','2021-07-22 14:15:56'),(300,'당근마켓 iOS 프로젝트에 XcodeGen 도입하기','XcodeGen Logo최근 당근마켓에 합류하면서 프로젝트 개선을 위한 여러 작업을 진행했습니다. 이번 글에서는 XcodeGen 을 도입하게 된 배경과 그 과정에 대해 적어보려고 합니다.XcodeGen 은 Project Spec 에 따라 Xcode 프로젝트를 생성해주는 툴입니다.배경iOS 개발을 하게 되면 필연적으로 만나','https://medium.com/daangn/%ED%94%84%EB%A1%9C%EC%A0%9D%ED%8A%B8%EC%97%90-xcodegen-%EB%8F%84%EC%9E%85%ED%95%98%EA%B8%B0-d0fd54691aad?source=rss----4505f82a2dbd---4',7,'daangn','2021-07-22 14:15:28'),(301,'당근마켓 AI의 데이터 활용 방법','당근마켓 서비스에 딥러닝 기술을 처음 도입한지 어느새 5년째가 되었어요. 그동안 빠르게 성장하는 서비스에 머신러닝을 적용하면서 데이터 관점이 어떻게 발전되어 왔는지 소개해드리고 싶어 오랜만에 작성해봐요.수작업 데이터 라벨링의 한계머신러닝 모델을 도입하기 우선 간단하게 현재 쌓여 있는 데이터에서 수작업으로 적절한 양의 학습','https://medium.com/daangn/%EB%8B%B9%EA%B7%BC%EB%A7%88%EC%BC%93-ai%EC%9D%98-%EB%8D%B0%EC%9D%B4%ED%84%B0-%ED%99%9C%EC%9A%A9-%EB%B0%A9%EB%B2%95-e5aeac08bc57?source=rss----4505f82a2dbd---4',7,'daangn','2021-05-21 17:17:46'),(302,'사용자와 함께하는 당근마켓 마케팅 이야기','“혹시, 당근이세요?”오늘은 오랜만에 당근마켓 마케팅 이야기에 대해 써볼까 합니다.최근 방영된 MBC ‘놀면뭐하니?’에서 당근마켓과 함께한 ‘위드유’편이 화제였죠. 당근마켓을 통해 동네에서 ‘함께 고기 먹을 이웃을 만난 장면’은 뜻밖의 재미를 주었고, ‘자전거 가르쳐줄 이웃을 만난 장면’은 많은 분들께 진한 감동을 드렸습','https://medium.com/daangn/%EC%82%AC%EC%9A%A9%EC%9E%90%EC%99%80-%ED%95%A8%EA%BB%98%ED%95%98%EB%8A%94-%EB%8B%B9%EA%B7%BC%EB%A7%88%EC%BC%93-%EB%A7%88%EC%BC%80%ED%8C%85-%EC%9D%B4%EC%95%BC%EA%B8%B0-50b7acf58dc1?source=rss----4505f82a2dbd---4',7,'daangn','2021-04-09 15:32:04'),(303,'풋내기 창업자의 스타트업 창업하기 11화_채용하기','풋내기 창업자의 스타트업 창업하기 12화_채용하기모든 스타트업의 가장 큰 고민 중 하나는 채용을 잘 하기입니다. 지금까지 5년동안 300번이 넘는 면접을 보면서 여전히 어떻게 하면 채용을 더 잘 할 수 있을까 고민을 하고 있지만 가장 기본적인 질문 중 하나는 “ 이 사람과 일하고 싶은가?”입니다.이 질문에는 사실 많은 질','https://medium.com/daangn/%ED%92%8B%EB%82%B4%EA%B8%B0-%EC%B0%BD%EC%97%85%EC%9E%90%EC%9D%98-%EC%8A%A4%ED%83%80%ED%8A%B8%EC%97%85-%EC%B0%BD%EC%97%85%ED%95%98%EA%B8%B0-11%ED%99%94-%EC%B1%84%EC%9A%A9%ED%95%98%EA%B8%B0-f919e45032f?source=rss----4505f82a2dbd---4',7,'daangn','2021-01-11 00:12:52'),(304,'이미지 분류 모델 AutoML 파이프라인','이미지 분류 모델 개발 AutoML 활용하기올해 3분기 당근마켓에서 Google Cloud AutoML을 활용하여 이미지 분류 모델을 개발하고 파이프라인 자동화한 사례를 공유 하려고 해요.프로젝트의 시작당근마켓 사용자가 서비스에 접속 했을때 시각적으로 가장 큰 영향을 주는 요소는 “사진”이에요. 앱에서 게시글을 확인할때 ','https://medium.com/daangn/%EC%9D%B4%EB%AF%B8%EC%A7%80-%EB%B6%84%EB%A5%98-%EB%AA%A8%EB%8D%B8-automl-%ED%8C%8C%EC%9D%B4%ED%94%84%EB%9D%BC%EC%9D%B8-68beb1ff15bf?source=rss----4505f82a2dbd---4',7,'daangn','2020-12-08 09:40:33'),(305,'풋내기 창업자의 스타트업 창업하기 11화 — 해외시장 진출','풋내기 창업자의 스타트업 창업하기 11화 — 해외시장 진출페북의 MAU 그래프입니다. 2004년 2월에 창업한 페북은 3년만에 MAU가 12백만명을 달성합니다. 당근마켓이 창업 5년반에 이룬 MAU 입니다. 하지만 페북은 2008년부터 사용자가 비약적으로 증가하기 시작합니다. 2008년에 1억명이 넘더니 그 다음해는 3억','https://medium.com/daangn/%ED%92%8B%EB%82%B4%EA%B8%B0-%EC%B0%BD%EC%97%85%EC%9E%90%EC%9D%98-%EC%8A%A4%ED%83%80%ED%8A%B8%EC%97%85-%EC%B0%BD%EC%97%85%ED%95%98%EA%B8%B0-11%ED%99%94-%ED%95%B4%EC%99%B8%EC%8B%9C%EC%9E%A5-%EC%A7%84%EC%B6%9C-6d735072deb9?source=rss----4505f82a2dbd---4',7,'daangn','2020-11-09 04:09:33'),(306,'추천 서비스가 컨테이너를 만났을 때-Part 1','안녕하세요. 왓챠에서 ML 소프트웨어 엔지니어로 일하고 있는 찰스입니다.여러분이 생각하는 좋은 추천 서비스는 어떤 서비스일까요? 사용자의 숨겨진 의도를 파악하여 추천하는 서비스? 추천을 통해 사용자의 재방문율을 높이는 서비스? 아마 많은 분들이 추천의 정확도와 관련된 기준을 먼저 생각하실 겁니다. 저는 추천의 정확도를 높','https://medium.com/watcha/part-1-%EC%B6%94%EC%B2%9C-%EC%84%9C%EB%B9%84%EC%8A%A4%EA%B0%80-%EC%BB%A8%ED%85%8C%EC%9D%B4%EB%84%88%EB%A5%BC-%EB%A7%8C%EB%82%AC%EC%9D%84-%EB%95%8C-f886d0f08df?source=rss----bd1678892a27---4',8,'watcha','2021-08-18 17:04:46'),(307,'웹브라우저에서 동작하는 녹화앱 만들기','안녕하세요. 왓챠 FE팀에서 웹 프론트엔드 개발을 하는 프레드입니다.최신 웹브라우저에서는 오디오, 이미지, 비디오 데이터를 저장하고 조작할 수 있는 API를 제공합니다. 이번 글에서는 웹브라우저에서 제공하는 API를 사용하여 간단하게( 100줄 이내의 자바스크립트 코드) 녹화 기능을 구현하는 방법을 소개합니다.예제를 통해','https://medium.com/watcha/%EC%9B%B9%EB%B8%8C%EB%9D%BC%EC%9A%B0%EC%A0%80%EC%97%90%EC%84%9C-%EB%8F%99%EC%9E%91%ED%95%98%EB%8A%94-%EB%85%B9%ED%99%94%EC%95%B1-%EB%A7%8C%EB%93%A4%EA%B8%B0-70142ce28994?source=rss----bd1678892a27---4',8,'watcha','2021-08-13 16:20:59'),(308,'WATCHA K8S 전환 -PART 2','PART 2 — Api-Gateway 소개NOTICE해당 블로그 는 PART 2 — Api-Gateway 소개 입니다.총 3 PART 의 시리즈로 구성했으며 아래와 같습니다.PART 1 — 전반적인 소개 및 POD 내 CONTAINER 알아보기PART 2 — Api-Gateway 소개PART 3 — GitOps 소개개요안','https://medium.com/watcha/watcha-k8s-%EC%A0%84%ED%99%98-part-2-caea323da57d?source=rss----bd1678892a27---4',8,'watcha','2021-08-04 16:58:01'),(309,'브라우저에서 미디어 권한을 다루는 간단 tip','WATCHA의 웹 프론트엔드 개발자 Angie입니다.지난 포스트에서 왓챠의 같이 보기 서비스, 왓챠파티 전반적인 개발기를 다루어보았는데요.오늘은 왓챠파티에서 새롭게 선보일 음성 코멘터리(Commentary: 파티 호스트가 작품에 대해 이야기하고 참여자들은 호스트의 음성을 들을 수 있는 기능, 이하 코멘터리)를 개발하며 마','https://medium.com/watcha/%EB%B8%8C%EB%9D%BC%EC%9A%B0%EC%A0%80%EC%97%90%EC%84%9C-%EB%AF%B8%EB%94%94%EC%96%B4-%EA%B6%8C%ED%95%9C%EC%9D%84-%EB%8B%A4%EB%A3%A8%EB%8A%94-%EA%B0%84%EB%8B%A8-tip-ee9e42ce9cb1?source=rss----bd1678892a27---4',8,'watcha','2021-07-28 16:44:03'),(310,'WATCHA K8S 전환 -PART 1','PART 1- 전반적인 소개 및 POD 내 CONTAINER 알아보기NOTICE해당 블로그 는 PART 1- 전반적인 소개 및 POD 내 CONTAINER 알아보기 입니다.총 3 PART 의 시리즈로 구성했으며 아래와 같습니다.PART 1 - 전반적인 소개 및 POD 내 CONTAINER 알아보기PART 2 - Api-G','https://medium.com/watcha/watcha-k8s-%EC%A0%84%ED%99%98-part-1-3ac7193d04d7?source=rss----bd1678892a27---4',8,'watcha','2021-07-21 17:07:05'),(311,'리액트18 버전에 추가되는 기능','새롭게 추가되는 기능들은 기존의 어떤 문제점들을 해결해줄 수 있을까?안녕하세요 단테입니다.프론트엔드 개발에 관심이 있는 분들은 오늘의 주제에 큰 흥미를 느끼실 수 있을 것 같습니다.21년 6월 8일, 리액트 코어 개발자들이 리액트 공식 홈페이지에 리액트 18에 새롭게 추가되는 기능들을 소개했습니다.또한 React18 Wo','https://medium.com/watcha/%EB%A6%AC%EC%95%A1%ED%8A%B818-%EB%B2%84%EC%A0%84%EC%97%90-%EC%B6%94%EA%B0%80%EB%90%98%EB%8A%94-%EA%B8%B0%EB%8A%A5-5901903e6fc2?source=rss----bd1678892a27---4',8,'watcha','2021-07-07 17:23:54'),(312,'협업의 조건','Ziggy가 생각하는 협업이 잘 되는 조직과 체크리스트왓챠에 PM직군으로 얼마 전 합류한 Ziggy가 ‘협업이 잘 되는 조직’에 대해 개인블로그에 글을 발행했어요. 왓챠와 함께하기 시작한 시점에 이전 경험들을 바탕으로 정리한 Ziggy의 생각을 만나볼까요?애자일하게 일하자는 얘기가 유행을 넘어서 일 잘한다는 조직의 대세로','https://medium.com/watcha/%ED%98%91%EC%97%85%EC%9D%98-%EC%A1%B0%EA%B1%B4-2937117f112d?source=rss----bd1678892a27---4',8,'watcha','2021-07-02 12:00:12'),(313,'Wasm 간단 사용기','2015년에 WebAssembly(이하 wasm)가 탄생하고 2017년에 주요 브라우저에서 wasm 을 사용할 수 있게 된 이후로 다양한 방법으로 wasm 가 사용되고 있습니다.대부분의 웹 프론트 개발자가 wasm 에 흥미를 느끼는 이유는 빠른 성능 때문일 거라고 생각합니다. 저 또한 그러한데요. 그래서 wasm 를 어떻','https://medium.com/watcha/wasm-%EA%B0%84%EB%8B%A8-%EC%82%AC%EC%9A%A9%EA%B8%B0-d2e14c760a0d?source=rss----bd1678892a27---4',8,'watcha','2021-06-23 17:20:11'),(314,'무슨 일 하고 계세요? #데이터사이언스팀','왓챠를 가장 잘 설명하는 단어는 무엇일까요? 왓챠 유저라면 아마 ‘영화’, ‘스트리밍’, ‘미드’, ‘중드’ 등의 콘텐츠와 관련된 단어나 ‘헐왓챠에’, ‘왓플릭스’ 등 이벤트를 꼽을테지만, 내부 직원들이 꼽는 왓챠를 가장 잘 설명하는 단어는 아마도 ‘데이터’일 것 입니다.왓챠의 창업 시점으로 거슬러 올라가면 그 이유를 알','https://medium.com/watcha/%EB%AC%B4%EC%8A%A8-%EC%9D%BC-%ED%95%98%EA%B3%A0-%EA%B3%84%EC%84%B8%EC%9A%94-%EB%8D%B0%EC%9D%B4%ED%84%B0%EC%82%AC%EC%9D%B4%EC%96%B8%EC%8A%A4%ED%8C%80-66cb1585ec83?source=rss----bd1678892a27---4',8,'watcha','2021-06-17 17:37:23'),(315,'좋아하는 것에 대하여 #4: 운동 덕후 Castle','“운동을 하면 기분이 조크든요 .”운동을 안 하는 이유는 거의 비슷하지만, 운동을 하는 사람은 저마다 다른 이유가 있다. 그중에서도 운동을 하면 기분이 좋다고 하는 캐슬은 진짜 운동 덕후다.기분이 좋아지는 것 말고도 운동을 하는 이유는 많다. 다음은 캐슬이 말하는 운동의 10가지 효능이다.기분이 좋아짐감각이 예민해지고 몸','https://medium.com/watcha/%EC%A2%8B%EC%95%84%ED%95%98%EB%8A%94-%EA%B2%83%EC%97%90-%EB%8C%80%ED%95%98%EC%97%AC-4-%EC%9A%B4%EB%8F%99-%EB%8D%95%ED%9B%84-castle-2767e10254d9?source=rss----bd1678892a27---4',8,'watcha','2021-05-20 16:34:19');
/*!40000 ALTER TABLE `article` ENABLE KEYS */;
UNLOCK TABLES;

--
-- Table structure for table `blog`
--

DROP TABLE IF EXISTS `blog`;
/*!40101 SET @saved_cs_client     = @@character_set_client */;
/*!40101 SET character_set_client = utf8 */;
CREATE TABLE `blog` (
  `blogid` int(11) NOT NULL AUTO_INCREMENT,
  `blogname` varchar(30) NOT NULL,
  `description` varchar(50) DEFAULT NULL,
  `link` varchar(200) DEFAULT NULL,
  `rss` varchar(200) DEFAULT NULL,
  PRIMARY KEY (`blogid`)
) ENGINE=InnoDB AUTO_INCREMENT=9 DEFAULT CHARSET=utf8mb4;
/*!40101 SET character_set_client = @saved_cs_client */;

--
-- Dumping data for table `blog`
--

LOCK TABLES `blog` WRITE;
/*!40000 ALTER TABLE `blog` DISABLE KEYS */;
INSERT INTO `blog` VALUES (1,'kakao','카카오 기술블로그','https://tech.kakao.com/blog/','https://tech.kakao.com/feed/'),(3,'woowahan','우아한형제들 기술블로그','https://techblog.woowahan.com/','https://techblog.woowahan.com/feed/'),(5,'nhn','NHN 기술블로그','https://meetup.toast.com/','https://meetup.toast.com/rss'),(6,'coupang','쿠팡 기술블로그','https://medium.com/coupang-tech/technote/home','https://medium.com/feed/coupang-tech'),(7,'daangn','당근마켓 기술블로그','https://medium.com/daangn','https://medium.com/feed/daangn'),(8,'watcha','왓챠 기술블로그','https://medium.com/watcha','https://medium.com/feed/watcha');
/*!40000 ALTER TABLE `blog` ENABLE KEYS */;
UNLOCK TABLES;

--
-- Table structure for table `category`
--

DROP TABLE IF EXISTS `category`;
/*!40101 SET @saved_cs_client     = @@character_set_client */;
/*!40101 SET character_set_client = utf8 */;
CREATE TABLE `category` (
  `categoryid` varchar(20) NOT NULL,
  `categoryname` varchar(20) NOT NULL,
  PRIMARY KEY (`categoryid`)
) ENGINE=InnoDB DEFAULT CHARSET=utf8mb4;
/*!40101 SET character_set_client = @saved_cs_client */;

--
-- Dumping data for table `category`
--

LOCK TABLES `category` WRITE;
/*!40000 ALTER TABLE `category` DISABLE KEYS */;
INSERT INTO `category` VALUES ('algorithm','알고리즘'),('certificate','자격증'),('cs','CS'),('etc','기타'),('framework','프레임워크');
/*!40000 ALTER TABLE `category` ENABLE KEYS */;
UNLOCK TABLES;

--
-- Table structure for table `hibernate_sequence`
--

DROP TABLE IF EXISTS `hibernate_sequence`;
/*!40101 SET @saved_cs_client     = @@character_set_client */;
/*!40101 SET character_set_client = utf8 */;
CREATE TABLE `hibernate_sequence` (
  `next_val` bigint(20) DEFAULT NULL
) ENGINE=InnoDB DEFAULT CHARSET=utf8mb4;
/*!40101 SET character_set_client = @saved_cs_client */;

--
-- Dumping data for table `hibernate_sequence`
--

LOCK TABLES `hibernate_sequence` WRITE;
/*!40000 ALTER TABLE `hibernate_sequence` DISABLE KEYS */;
INSERT INTO `hibernate_sequence` VALUES (316);
/*!40000 ALTER TABLE `hibernate_sequence` ENABLE KEYS */;
UNLOCK TABLES;

--
-- Table structure for table `positions`
--

DROP TABLE IF EXISTS `positions`;
/*!40101 SET @saved_cs_client     = @@character_set_client */;
/*!40101 SET character_set_client = utf8 */;
CREATE TABLE `positions` (
  `positionid` int(11) NOT NULL,
  `positionname` varchar(20) DEFAULT NULL,
  PRIMARY KEY (`positionid`)
) ENGINE=InnoDB DEFAULT CHARSET=utf8mb4;
/*!40101 SET character_set_client = @saved_cs_client */;

--
-- Dumping data for table `positions`
--

LOCK TABLES `positions` WRITE;
/*!40000 ALTER TABLE `positions` DISABLE KEYS */;
INSERT INTO `positions` VALUES (0,''),(1,'Frontend'),(2,'Backend'),(3,'Android'),(4,'IOS'),(5,'SI'),(6,'Embedded'),(7,'Game'),(8,'etc.');
/*!40000 ALTER TABLE `positions` ENABLE KEYS */;
UNLOCK TABLES;

--
-- Table structure for table `question`
--

DROP TABLE IF EXISTS `question`;
/*!40101 SET @saved_cs_client     = @@character_set_client */;
/*!40101 SET character_set_client = utf8 */;
CREATE TABLE `question` (
  `questionid` int(11) NOT NULL AUTO_INCREMENT,
  `likes` int(11) NOT NULL,
  `questioncontent` varchar(10000) DEFAULT NULL,
  `questiondate` datetime DEFAULT NULL,
  `questiontitle` varchar(200) DEFAULT NULL,
  `views` int(11) NOT NULL,
  `userid` varchar(20) DEFAULT NULL,
  PRIMARY KEY (`questionid`),
  KEY `question_ibfk_1` (`userid`),
  CONSTRAINT `question_ibfk_1` FOREIGN KEY (`userid`) REFERENCES `user` (`userid`) ON DELETE CASCADE
) ENGINE=InnoDB AUTO_INCREMENT=81 DEFAULT CHARSET=utf8mb4;
/*!40101 SET character_set_client = @saved_cs_client */;

--
-- Dumping data for table `question`
--

LOCK TABLES `question` WRITE;
/*!40000 ALTER TABLE `question` DISABLE KEYS */;
INSERT INTO `question` VALUES (55,0,'안녕하세요! 코린이 입니다!\n\n제가 java를 배우고 있는데요!\n\n친구들이 javascript가 뭔지 아냐고 했는데.. 잘 몰라서요..\n\n혹시 java와 javascript의 차이점이 뭘까요?!\n\njava의 연장선인가요?\n\n배움이 짧아 여쭤봅니다 ㅠ','2021-08-19 10:15:33','Java와 JavaScript의 차이점이 뭔가요? 코린이입니다 ',0,'8HK63Z9CSQW10'),(56,0,'안녕하세요. split이랑 for문 연습 중인데 막힌 부분이 있어서요.\n```\n#1.\nfor i in range(len(df)) :\n    df_split1[i], df_split2[i]=df.loc[i].split(sep=\'.\', maxsplit=1)\n```\n\n```\n#2.\nfor i in range(len(df)) :\n    df.loc[i, \'c\']=str(df.loc[i, \'a\']).split(sep=\'.\', maxsplit=1)[0]\n    df.loc[i, \'d\']=str(df.loc[i, \'a\']).split(sep=\'.\', maxsplit=1)[1]\nError code : Too many indexers\n```\n\ndf 안에 ```asd.fgh``` 이런 형식으로 \'a\' column에 있어서 ```\'.\'```을 기준으로 split해서 앞과 뒤를 따로 저장을 하고 싶은데요. 1번으로 안되서 2번으로 했는데 ```\"Too many indexers\"``` 라는 에러가 나와서요.\n\nsplit을 사용해서 별도의 DataFrame을 만들거나 기존의 df에서 새로운 column을 추가해서 덧붙이고 싶은데 잘 안되네요.','2021-08-19 10:26:17','split, for문 이용해서 2개로 나누고 새로운 dataframe으로 저장하는 방법이 있나요?',0,'W963651S7589J'),(57,0,'파이썬에서 많이 사용하는 `round`함수를 사용하면 `round(1.5)`와 `round(2.5)`의 결과가 2로 같습니다. \n또한 자릿수를 표현해주는데 있어서 `round(1.000, 2)`의 값이 1.00이 아닌 1.0이 출력됩니다. 이러한 문제를 해결하기 위해 간단한 방법을 정리하려 합니다.\n\n`format`을 사용하면 이러한 문제를 해결할 수 있습니다.\n`print(\'{}\'.format(1.000, 2)}``1.0`,\n`print(\'{}\'.format(1.000, 2)}` `1.00`이 출력됨을 알 수 있습니다. \n\n두번째 방법은 함수를 직접 만들어 호출하는 것입니다.\n\n```\ndef roundUp(num):\n    if (num - int(num)) &amp;amp;amp;gt;= 0.5:\n        return int(num)\n    else:\n        int(num)\n\nprint(roundUp(2.5))\n```\n\n다른 방법으로는 decimal을 사용하는 방법입니다.\n```\nimport decimal\ncontext = decimal.getcontext()\ncontext.rounding = decimal.ROUND_HALF_UP\n\nprint(round(decimal.Decimal(\'2.5\'), 0))```\n\n','2021-08-19 10:37:22','파이썬 round 반올림 오류 해결 정리',0,'6OT8072V58Z5N'),(60,0,'```\nimport java.util.Random;\npublic class Compare {\n    public static void main(String[] args) {\n        int[] arr = new int[100];\n        Random rand = new Random();\n        for(int i = 0; i < arr.length; i++) {\n            arr[i] = rand.nextInt(100) + 1;\n        }\n        int[] ascSortedArr = new int[100];\n        ascSortedArr = ascBubbleSort(arr);\n        int[] decSortedArr = new int[100];\n        decSortedArr = decBubbleSort(arr);\n        for(int j = 0; j < arr.length; j++) {\n            System.out.println(ascSortedArr[j]);\n        }\n        for(int j = 0; j < arr.length; j++) {\n            System.out.println(decSortedArr[j]);\n        }\n    }\n    public static int[] ascBubbleSort(int[] arr) {\n        for(int i = 0; i < arr.length; i++) {\n            for(int j = 0; j < arr.length -1; j++) {\n                int temp;\n                if(arr[j] > arr[j + 1]) {\n                    temp = arr[j];\n                    arr[j] = arr[j + 1];\n                    arr[j + 1] = temp;\n                }\n            }\n        }\n        return arr;\n    }\n    public static int[] decBubbleSort(int[] arr) {\n        for(int i = 0; i < arr.length; i++) {\n            for(int j = 0; j < arr.length -1; j++) {\n                int temp;\n                if(arr[j] < arr[j + 1]) {\n                    temp = arr[j];\n                    arr[j] = arr[j + 1];\n                    arr[j + 1] = temp;\n                }\n            }\n        }\n        return arr;\n    }\n}\n```','2021-08-19 10:50:15','자바 변수가 조금 이상해요',0,'W963651S7589J'),(61,0,'웹에서 프론트쪽은 거의할줄알고 백엔드로도 배워보고싶은데 요새 트렌드인 개발툴이 뭔지랑 무슨책이 좋을지 질문드립니다!!','2021-08-19 10:51:32','웹앱 개발 초보자 책으로 뭐가좋을까요??',0,'8HK63Z9CSQW10'),(62,0,'```\n    public static void bin(int num) {\n        if(num>0) {\n            int bin;\n            bin = num % 2; \n            num/=2; \n            bin(num);\n            System.out.print(bin);\n        }\n    }\n    public static void main(String[] args) {\n        bin(10);\n    }\n```\n\n이게 코드인데 bin 메소드에서 출력전에 다시 bin 메소드를 출력하면, 2진수 결과값이 저장되는 bin이 다시 계산한 새로운 값으로 초기화 되는 거 아닌가요?? 왜 재귀 호출 후 출력하는지 이해가 되지 않습니다. 출력을 먼저 한 후 재귀 호출을하면 결과값이 다르더라구요..','2021-08-19 10:51:53','자바 2진수출력 재귀메소드인데 이해가 되지 않습니다.',0,'W963651S7589J'),(63,0,'### 긴급 !!!!\n\n```c\nusing namespace std; \nclass Graph { \n  public: \n  Graph(const int vertices = 0) :n(vertices) {}; \n  void ShortestPath(const int, int n); \n  int choose(const int); \n  int length[nmax][nmax]; \n  int dist[nmax]; \n  bool s[nmax]; \n  int n; \n}; \nvoid Graph::ShortestPath(const int v, int n) { \n  for (int i = 0; i < n; i++) { \n    s[i] = false; \n    dist[i] = length[v][i]; \n } \n s[v] = true; \n dist[v] = 0; \n for (int i = 0; i < n - 2; i++) { \n   int u = choose(n); \n   s[u] = true; \n   for (int w = 0; w < n; w++) \n   if (!s[w]) \n   if (dist[u] + length[u][w] < dist[w]) \n   dist[w] = dist[u] + length[u][w]; \n} \n} \n```\n\n그래프에서 각 노드들의 최단경로와 거리를 구하는 코드를 짜고있는데요  \n거리까지는 구해봤는데 경로를 출력하는부분에서 몇시간째 막혀버렸습니다.  \n마지막부분의 주석쳐놓은 곳이 잘못된거같은데 어떤방향으로 수정해야할지 알려주실분 계신가요? ㅠ\n','2021-08-19 10:55:08','c++ 최단경로 구하기 코드문제...',0,'ZBBEE3OA3N89L'),(64,0,'bst코드를 짜고있는데요 하나의 트리 객체를 생성하는 tree_create함수랑 그 안의 노드를 생성하는 node_create함수, 노드를 삽입하는 node_insert함수까지 구현했습니다  \n여기서 문제가 컴파일하고 실행하면   \n1. node_insert 함수의 tree->root 등의 노드들이 초기화되지 않아 예외발생(0xCDCDCDCD)  \n2. 노드들을 NULL값으로 초기화하고 실행하면 읽기액세스 위반 (nullptr였습니다)\n위 과정만 계속 반복중이네요... \n구조체 값을 NULL말고 다른값으로 초기화 해야하나요? 어떻게 해결할지 방향좀 알려주시면 감사하겠습니다 ㅠㅠ\n\n```c\nint lab2_node_insert(lab2_tree* tree, lab2_node* new_node) { \n  // You need to implement lab2_node_insert function. \n  lab2_tree* tmp; \n  lab2_tree* tmp2; \n  tmp = tree; \n  tmp2 = tree; \n  if (tmp->root->key == NULL) { \n    tmp->root = new_node; \n    tree = tmp; \n    tree->root = tmp2->root; \n    return 1; \n } \n```\n\n','2021-08-19 10:56:22','c언어 구조체 초기화,nullptr,0xCDCDCDCD 예외',0,'ZBBEE3OA3N89L'),(65,0,'지금 안드로이드로 날씨api를 받아와 받아온 값을 기준으로 (예를들면 특정한 값이 \"맑음\"이면) 이미지를 보여주는 과정을 진행중인데   \n현재 별다른 지식없이 곧바로 프로젝트에 투입되서 어떤 방법으로 접근해야할지 전혀 감이 안잡힙니다...  \napi를받아오는 자바 프로그램까지는 작성했는데 이를 Mainactivity에 배치해야할지 혹은 따로 클래스를 만들어야할지, 현재 한 화면에 여러개의 리니어레이아웃을 만든상태여서 사용자입력을받는 리스트뷰에 관한 oncreate메소드가 이미 존재하는데 이 곳에 합쳐야 할지...\n리니어레이아웃마다 각각 다른 액티비티를 수행할수 있는지... 별다른 진전없이 똑같은곳만 맴돌고있는 상황이에요 ㅠ  \n이런 상황에서 어떤식으로 프로그램을 구성해야할지 대략적으로만 알려주실분 계신가요?? ','2021-08-19 10:57:03','안드로이드스튜디오를통한 앱만들기 질문입니다...',0,'ZBBEE3OA3N89L'),(66,0,'vue를 공부하다가 궁금한 점이 생겨서 질문 남깁니다!\nwatch와 computed의 차이점이 무엇인가요? 어떤 상황에서 사용해야 할까요?','2021-08-19 10:58:37','watch와 computed의 차이점이 무엇인가요?',0,'6OT8072V58Z5N'),(68,0,'지금 작성중인 프로그램인데요...  \nstringF메소드의 조건문부분에서 계속 배열범위 오류가 발생합니다  \n근데 이 매소드를 스레드부분의 run()에서 호출할때는 문제없이 실행이되고 이를 확인할려고 출력까지 해보았으나 문제없이 정상출력이 되는데  \noncreate안의 wp메소드에서 호출하면 이런 오류가생깁니다 ㅠㅠ 어케해야할까요  \n각부분의 코드와 스레드에서 실행할때 정상출력되는스샷 첨부합니다  \n\n![errcapture](https://kin-phinf.pstatic.net/20200609_78/15916330852464Vg87_PNG/1591633085181.png?type=w750)','2021-08-19 10:58:59','안드로이드앱 작성중 배열범위초과오류',0,'ZBBEE3OA3N89L'),(69,0,'```java\nnew Thread(new Runnable() {\n\n@Override\n       public void run() {\n// TODO Auto-generated method stub\n           data = getXmlData();//아래 메소드를 호출하여 XML data를 파싱해서 String 객체로 얻어오기\n\n           //UI Thread(Main Thread)를 제외한 어떤 Thread도 화면을 변경할 수 없기때문에\n           //runOnUiThread()를 이용하여 UI Thread가 TextView 글씨 변경하도록 함\n            runOnUiThread(new Runnable() {\n@Override\n               public void run() {\n// TODO Auto-generated method stub\n                   textW.setText(data); //TextView에 문자열 data 출력\n               }\n            });\n        }\n    }).start();\n}\n```\n\n여기서 data는 외부에서 선언한 String 전역변수인데 왜 스레드 밖에서 호출하면 아무것도 안뜨나요\nrun에서 data를 리턴하는방법이 있나요? ㅠ','2021-08-19 11:00:24','안드로이드 자바 질문입니다...',0,'ZBBEE3OA3N89L'),(70,0,'안드로이드 스튜디오로 앱을 만들어서 이를 다른 기기에 설치하려고했으나\n\n계속 앱이 설치되지 않았습니다 라는 메세지가 뜨면서 설치가 안됩니다 \n\n구글 플레이스토어 프로텍트 해제해봤고 기존 앱도 삭제해봤는데 전혀 진전이없네요\n\n스튜디오에서 시뮬레이터로 실행시키면 문제없이 실행되고\n\n스마트폰을 pc에 직접 연결해서 디버깅할때도 문제없이 잘 실행되고 심지어 설치까지 되는데\n\n왜 apk추출한걸로 설치하려면 안되는걸까요 :D','2021-08-19 11:01:20','안드로이드 apk 앱이 설치되지 않았습니다',0,'ZBBEE3OA3N89L'),(72,0,'백준 7576문제에서 런타임 에러가 발생합니다.. 어떻게 해결하면 좋을까요?\n```\nfrom collections import deque\n\nN, M = map(int, input().split())\ntable = [list(map(int, input().split())) for _ in range(M)]\n\nque = deque([])\ndef bfs():\n    while que:\n        x, y = que.popleft()\n        for i in range(4):\n            nx = x + dx[i]\n            ny = y + dy[i]\n            if 0 <= nx < M and 0 <= ny < N and table[nx][ny] == 0:\n                que.append((nx, ny))\n                table[nx][ny] = table[x][y] + 1\n\n\ndx = [-1, 1, 0, 0]\ndy = [0, 0, -1, 1]\n\n\nfor i in range(M):\n    for j in range(N):\n        if table[i][j] == 1:\n            que.append([i, j])\n\nbfs()\n\nresult = 0\nfor i in table:\n    for j in i:\n        if j == 0:\n            print(-1)\n            exit(0)\n    result = map(result, max(i))\nprint(result - 1)\n```\n','2021-08-19 11:05:10','[파이썬] 백준 7576 문제 런타임 에러가 납니다!!',0,'6OT8072V58Z5N'),(73,0,'```\npackage javaprac;\nimport java.util.*;\npublic class hello {\n    public static void main(String[] args) {\n        Scanner scan = new Scanner(System.in);\n        int num;\n        double avg = 0;\n        System.out.println(\"학생수를 입력하시오\");\n        num = scan.nextInt();\n        int score[] = {0};\n        for (int i = 0; i; num; i++) {\n            System.out.println(\"학생\" + (i + 1) + \"의 성적을 입력하세요\");\n            score[i] = scan.nextInt();\n            if (score[i] 100) {\n                System.out.println(\"다시 입력하시오.\");\n            }else {\n                avg = avg + score[i];\n            }\n        }\n        System.out.println(\"성적평균은: \" + avg / num);\n    }\n}\n```\n코딩 내용은 학생수를 입력받아 학생수만 큼 점수를 입력해서 점수의 평균을 구하는 코딩입니다\n\n학생수를 1명으로 했을떄는 값이 제대로 나오는데 2명 이상일 경우 오류가나오네요 어디가 문제인지 친절히 가르쳐주세요.. 코딩 노베이스라... 죄송합니다.','2021-08-19 11:08:32','자바 소소한 코딩 질문 [ 배열]',0,'W963651S7589J'),(74,0,'최근 리눅스가 개발자에게 있어 가장 최적화 되어 있다는 이야기를 듣고 토이 프로젝트에서 리눅스를 활용해보고자 알아보게 되었습니다.\n\n그리고 뉴렉처 라는 유부버 분의 강의를 들으면서 리눅스에 대해 공부를 하였는데\n\n아무리 보고 구글링을 해도 리눅스를 OS로 두고 개발을 한 다는 것은 어떤 것을 한다는 것인지 이해가 안 갑니다..ㅠㅠ\n\nSpring boot로 맥 OS나 윈도우에서 코딩하는 것이 아닌 Virtual Box에 깔린 리눅스 컴퓨터를 시작해\n\n그 곳에 STS를 깔아 코딩을 한다는 것인지,\n\n아니면 맥 OS나 윈도우에서 코딩을 한 뒤에 war파일을 익스포트 한 다음\n\n이를 리눅스 OS에 파일을 위치시키는 것을 말하는 것인지\n\n잘 이해가 안됩니다..!\n\n리눅스 환경에서 개발한다는 것은 리눅스 OS에 IDE를 두고 개발하는 것인가요\n\n아니면 배포 파일을 리눅스 환경에 넣음으로써 이 말이 충족되는 것인가요..?','2021-08-19 11:10:29','리눅스 환경에서 개발한다는 것은 어떤 말인가요?',0,'8HK63Z9CSQW10'),(75,0,'제가 최근에 학원을 다녔는데 파이썬이랑 자바를 배우고 있습니다.\n\n둘다 스파이더, 이클립스란 프로그램을 사용합니다. 저는 VSCODE가 훨씬 편하고 UX가 깔끔해서 좋은데, 웬만한 학원들은 오래된 프로그램을 쓰는 것 같습니다.\n\n자바는 오래된 언어라 이해하는데 파이썬도 구형 프로그램으로 돌리니까 조금 스트레스 입니다. VSCODE가 훨씬 좋은데...\n\n혹시 자바도 VSCODE로 돌릴 수 있나요?\n\n여러분들의 최애 프로그램은 무엇이고 각자 어떤 언어를 주력으로 사용하시나요? 왜나만안되나요?제가 최근에 학원을 다녔는데 파이썬이랑 자바를 배우고 있습니다.','2021-08-19 11:12:44','여러분들의 최애 프로그램은 무엇이고 각자 어떤 언어를 주력으로 사용하시나요?',0,'629Q0LC8H2OC7'),(76,0,'```\nimport java.util.Scanner;\n\nclass Player{ String name; String answer; static String word = \"아버지\"; static int lastIndex = word.length()-1;\n\nvoid showPlayerName() {\n    System.out.println(name);\n}\n\nvoid showPlayerAnswer() {\n    System.out.println(answer);\n}\n\n int checkSuccess(String answer, char firstChar) {\n    if(word.charAt(lastIndex) == firstChar) {\n        word = answer;\n        lastIndex = word.length() - 1;\n        return 1;\n    }\n    else {\n        word = \"아버지\";\n        return 0;\n    }\n}\n}\n\npublic class WorldGameApp {\n\npublic static void main(String[] args) {\n    Scanner sc = new Scanner(System.in);\n    System.out.println(\"참가하는 사람의 수 입력 : \");\n    int gamers_num = sc.nextInt();\n    Player player[] = new Player[gamers_num];\n\n    for(int i = 0 ; i &amp;lt; gamers_num ; i++) {\n        System.out.println(\"\\n\" + (i+1) + \"번째 선수 이름 입력 : \");\n        player[i] = new Player();\n        player[i].name = sc.next();\n    }\n\n    System.out.println(\"==========================\");\n    System.out.println(\"끝말잇기 시작, 시작단어 : 아버지 \");\n\n    while(true) {\n\n        if(gamers_num == 1) \n            break;\n\n\n        else {\n\n            for(int i = 0 ; i  &amp;lt; gamers_num ; i++) {\n                System.out.println(\"==========================\\n\");\n                System.out.println(player[i].name + \" 차례\");\n\n                System.out.println(\"다음 낱말 입력 : \");\n                player[i].answer = sc.next();\n                String Answer = player[i].answer;\n                char Firstchar = Answer.charAt(0);\n\n                if((player[i].checkSuccess(Answer, Firstchar)) == 1)\n                    continue;\n\n                else {\n                    System.out.println(player[i].name + \"탈락\");                      \n                    for(int j = i ; j &amp;lt; gamers_num; j++) { //한명 탈락시 탈락자 배열에서 제거\n                        player[j] = player[j+1];\n                    }\n                    System.out.println(\"==========================\");\n                    System.out.println(\"끝말잇기 시작, 시작단어 : 아버지 \");\n```\n이부분까지 프린트가 되는데, 위의 for문 보듯이 `` 탈락자자리에 다음 사람 넣어주고 인원수 줄여서 player클래스 배열에는 탈락자는 빠진 상태로 저장이 되는데, 왜 그다음 게임은 진행하지 않나요? 문제가 있을까요?\n```\n                    gamers_num--; //게이머 숫자가 하나 감소\n\n                }\n\n            }\n        }   \n    }\n}\n```\n\n','2021-08-19 11:14:56','게이머 한명이 탈락 할때, 그 인원을 빼는것을 구현했는데 게이머 한명이 빠진채로 구현이 안됩니다.',0,'629Q0LC8H2OC7'),(80,0,'백엔드 프로그래머 희망자입니다.\n\n가장 중요한 역량은 무엇인가요?','2021-08-20 03:32:21','백엔드 프로그래머로 취업하고 싶은데 가장 중요한 역량이 무엇인가요?',0,'8HK63Z9CSQW10');
/*!40000 ALTER TABLE `question` ENABLE KEYS */;
UNLOCK TABLES;

--
-- Table structure for table `subscribe`
--

DROP TABLE IF EXISTS `subscribe`;
/*!40101 SET @saved_cs_client     = @@character_set_client */;
/*!40101 SET character_set_client = utf8 */;
CREATE TABLE `subscribe` (
  `userid` varchar(20) NOT NULL,
  `blogid` int(11) NOT NULL,
  PRIMARY KEY (`userid`,`blogid`),
  KEY `subscribe_ibfk_1` (`blogid`),
  CONSTRAINT `subscribe_ibfk_1` FOREIGN KEY (`blogid`) REFERENCES `blog` (`blogid`),
  CONSTRAINT `subscribe_ibfk_2` FOREIGN KEY (`userid`) REFERENCES `user` (`userid`) ON DELETE CASCADE
) ENGINE=InnoDB DEFAULT CHARSET=utf8mb4;
/*!40101 SET character_set_client = @saved_cs_client */;

--
-- Dumping data for table `subscribe`
--

LOCK TABLES `subscribe` WRITE;
/*!40000 ALTER TABLE `subscribe` DISABLE KEYS */;
INSERT INTO `subscribe` VALUES ('629Q0LC8H2OC7',6),('629Q0LC8H2OC7',7),('6OT8072V58Z5N',1),('8HK63Z9CSQW10',1),('8HK63Z9CSQW10',3),('W963651S7589J',8),('ZBBEE3OA3N89L',1),('ZBBEE3OA3N89L',6);
/*!40000 ALTER TABLE `subscribe` ENABLE KEYS */;
UNLOCK TABLES;

--
-- Table structure for table `tag`
--

DROP TABLE IF EXISTS `tag`;
/*!40101 SET @saved_cs_client     = @@character_set_client */;
/*!40101 SET character_set_client = utf8 */;
CREATE TABLE `tag` (
  `tagid` int(11) NOT NULL,
  `tagname` varchar(20) DEFAULT NULL,
  PRIMARY KEY (`tagid`)
) ENGINE=InnoDB DEFAULT CHARSET=utf8mb4;
/*!40101 SET character_set_client = @saved_cs_client */;

--
-- Dumping data for table `tag`
--

LOCK TABLES `tag` WRITE;
/*!40000 ALTER TABLE `tag` DISABLE KEYS */;
INSERT INTO `tag` VALUES (1,'Java'),(2,'Spring'),(3,'Javascript'),(4,'MySQL'),(5,'C++'),(6,'C'),(7,'Android'),(8,'Ajax'),(9,'Python'),(10,'Vue'),(11,'React'),(12,'Linux'),(13,'ios');
/*!40000 ALTER TABLE `tag` ENABLE KEYS */;
UNLOCK TABLES;

--
-- Table structure for table `tag_relation`
--

DROP TABLE IF EXISTS `tag_relation`;
/*!40101 SET @saved_cs_client     = @@character_set_client */;
/*!40101 SET character_set_client = utf8 */;
CREATE TABLE `tag_relation` (
  `questionid` int(11) NOT NULL,
  `tagid` int(11) NOT NULL,
  KEY `tag_relation_ibfk_1` (`tagid`),
  KEY `tag_relation_ibfk_2` (`questionid`),
  CONSTRAINT `tag_relation_ibfk_1` FOREIGN KEY (`tagid`) REFERENCES `tag` (`tagid`),
  CONSTRAINT `tag_relation_ibfk_2` FOREIGN KEY (`questionid`) REFERENCES `question` (`questionid`) ON DELETE CASCADE
) ENGINE=InnoDB DEFAULT CHARSET=utf8mb4;
/*!40101 SET character_set_client = @saved_cs_client */;

--
-- Dumping data for table `tag_relation`
--

LOCK TABLES `tag_relation` WRITE;
/*!40000 ALTER TABLE `tag_relation` DISABLE KEYS */;
INSERT INTO `tag_relation` VALUES (55,1),(55,3),(56,9),(57,9),(60,1),(61,3),(61,1),(62,1),(63,5),(64,6),(65,7),(66,10),(68,7),(68,1),(69,1),(69,7),(70,7),(72,9),(74,12),(73,1),(75,1),(75,9),(76,1),(80,1),(80,2),(80,3),(80,9),(80,4);
/*!40000 ALTER TABLE `tag_relation` ENABLE KEYS */;
UNLOCK TABLES;

--
-- Table structure for table `todo`
--

DROP TABLE IF EXISTS `todo`;
/*!40101 SET @saved_cs_client     = @@character_set_client */;
/*!40101 SET character_set_client = utf8 */;
CREATE TABLE `todo` (
  `todoid` varchar(40) NOT NULL,
  `date` date DEFAULT NULL,
  `title` varchar(50) NOT NULL,
  `goaltime` time DEFAULT NULL,
  `issuccess` bit(1) DEFAULT NULL,
  `completetime` time DEFAULT NULL,
  `categoryid` varchar(20) NOT NULL,
  `userid` varchar(20) NOT NULL,
  `created` datetime(6) DEFAULT NULL,
  `ongoing` bit(1) DEFAULT NULL,
  PRIMARY KEY (`todoid`),
  KEY `todo_ibfk_1` (`categoryid`),
  KEY `todo_ibfk_2` (`userid`),
  CONSTRAINT `todo_ibfk_1` FOREIGN KEY (`categoryid`) REFERENCES `category` (`categoryid`),
  CONSTRAINT `todo_ibfk_2` FOREIGN KEY (`userid`) REFERENCES `user` (`userid`) ON DELETE CASCADE
) ENGINE=InnoDB DEFAULT CHARSET=utf8mb4;
/*!40101 SET character_set_client = @saved_cs_client */;

--
-- Dumping data for table `todo`
--

LOCK TABLES `todo` WRITE;
/*!40000 ALTER TABLE `todo` DISABLE KEYS */;
INSERT INTO `todo` VALUES ('1SPYB1U3','2021-08-18','test','02:30:00','\0','00:00:00','algorithm','W963651S7589J','2021-08-18 22:19:15.154636','\0'),('3TUC7JTD','2021-08-18','백준 1121','01:10:00','\0','00:00:50','algorithm','W963651S7589J','2021-08-18 15:22:22.559392',''),('51F481A1','2021-08-14','포트폴리오 정리','01:25:00',NULL,'01:30:10','etc','9WL0WA4L1UQ1E',NULL,NULL),('51F481A3','2021-08-14','포트폴리오 정리','00:45:00',NULL,'01:12:00','etc','W963651S7589J',NULL,NULL),('51F481A4','2021-08-14','포트폴리오 정리','01:20:00',NULL,'01:22:00','etc','ZBBEE3OA3N89L',NULL,NULL),('51F481A5','2021-08-14','포트폴리오 정리','01:10:00',NULL,'01:15:00','etc','ZP4XBO036G25W',NULL,NULL),('63EMW3C1','2021-08-15','백준 1578','01:00:00','\0','00:04:37','algorithm','ZBBEE3OA3N89L','2021-08-15 22:18:10.351475','\0'),('6CRVRD00','2021-08-17','네트워크 공부','01:00:00','\0','00:00:21','cs','Q897A6890HLPH','2021-08-17 11:04:29.441228',''),('6F982SE8','2021-08-18','백준 1222','00:00:20','\0','00:00:33','algorithm','W963651S7589J','2021-08-18 15:37:45.476100','\0'),('6R8AQ9AJ','2021-08-18','네트워크','01:10:10','\0','00:00:27','cs','D0X5FTJASSC8I','2021-08-18 20:30:04.305042',''),('8F35EC51','2021-08-19','백준 4020번 문제 풀기','01:00:00','\0','00:00:07','algorithm','8HK63Z9CSQW10','2021-08-19 18:16:56.621527',''),('A1F481A1','2021-08-14','SQLD 준비','02:25:00',NULL,'02:30:10','certificate','9WL0WA4L1UQ1E',NULL,NULL),('A1F481A3','2021-08-14','SQLD 준비','01:45:00',NULL,'02:12:00','certificate','W963651S7589J',NULL,NULL),('A1F481A4','2021-08-14','SQLD 준비','02:20:00',NULL,'02:22:00','certificate','ZBBEE3OA3N89L',NULL,NULL),('A1F481A5','2021-08-14','SQLD 준비','02:10:00',NULL,'02:15:00','certificate','ZP4XBO036G25W',NULL,NULL),('AA123A45','2021-08-01','스프링 프레임워크란','01:40:00',NULL,'01:52:42','framework','8HK63Z9CSQW10',NULL,NULL),('AA123B46','2021-08-01','Spring, Spring MVC, Spring Boot의 차이','01:30:00',NULL,'01:30:20','framework','8HK63Z9CSQW10',NULL,NULL),('AA123C47','2021-08-01','백준 2135번 문제 풀기','00:40:00',NULL,'01:20:32','algorithm','8HK63Z9CSQW10',NULL,NULL),('AA124D48','2021-08-02','백준 12323번 문제 풀기','00:40:00',NULL,'01:00:02','algorithm','8HK63Z9CSQW10',NULL,NULL),('AA124E49','2021-08-02','백준 3829번 문제 풀기','00:40:00',NULL,'00:57:12','algorithm','8HK63Z9CSQW10',NULL,NULL),('AA124F50','2021-08-02','백준 1556번 문제 풀기','00:40:00',NULL,'01:20:32','algorithm','8HK63Z9CSQW10',NULL,NULL),('AA124G51','2021-08-02','토비의 스프링 : 1장 오브젝트와 의존관계','01:30:00',NULL,'00:10:32','framework','8HK63Z9CSQW10',NULL,NULL),('AA125H52','2021-08-03','토비의 스프링 : 1장 오브젝트와 의존관계','01:30:00',NULL,'01:30:32','framework','8HK63Z9CSQW10',NULL,NULL),('AA125I53','2021-08-03','백준 4456번 문제 풀기','00:30:00',NULL,'00:10:32','algorithm','8HK63Z9CSQW10',NULL,NULL),('AA125J54','2021-08-04','백준 1244번 문제 풀기','00:40:00',NULL,'00:50:12','algorithm','8HK63Z9CSQW10',NULL,NULL),('AA125J5B','2021-08-05','토비의 스프링 : 2장 테스트','01:00:00',NULL,'01:04:12','framework','8HK63Z9CSQW10',NULL,NULL),('AA126J55','2021-08-03','브라우저 동작 방법','01:00:00',NULL,'01:10:32','cs','8HK63Z9CSQW10',NULL,NULL),('AA126J56','2021-08-03','쿠키(Cookie)와 세션(Session)','01:00:00',NULL,'01:16:12','cs','8HK63Z9CSQW10',NULL,NULL),('AA126J5A','2021-08-04','백준 2345번 문제 풀기','00:40:00',NULL,'00:40:05','algorithm','8HK63Z9CSQW10',NULL,NULL),('AA126J5C','2021-08-05','토비의 스프링 : 3장 템플릿','01:30:00',NULL,'01:41:05','framework','8HK63Z9CSQW10',NULL,NULL),('AA127J5A','2021-08-04','백준 12525번 문제 풀기','00:40:00',NULL,'01:36:24','algorithm','8HK63Z9CSQW10',NULL,NULL),('AA127J5D','2021-08-05','토비의 스프링 : 4장 예외','01:00:00',NULL,'01:16:24','framework','8HK63Z9CSQW10',NULL,NULL),('AA128J5A','2021-08-04','백준 15666번 문제 풀기','00:40:00',NULL,'00:56:07','algorithm','8HK63Z9CSQW10',NULL,NULL),('AA128J5E','2021-08-05','HTTP Status Code','00:40:00',NULL,'00:56:07','cs','8HK63Z9CSQW10',NULL,NULL),('AA129J5A','2021-08-04','백준 2982번 문제 풀기','00:40:00',NULL,'00:45:44','algorithm','8HK63Z9CSQW10',NULL,NULL),('AA12AJ5A','2021-08-06','REST API','00:50:00',NULL,'00:55:44','cs','629Q0LC8H2OC7',NULL,NULL),('AA12CJ59','2021-08-07','웹 서버와 WAS의 차이점','00:50:00',NULL,'00:55:44','cs','8HK63Z9CSQW10',NULL,NULL),('AA12FD58','2021-08-15','SQLD 제1장. 데이터 모델링의 이해','01:00:00',NULL,'01:05:44','certificate','8HK63Z9CSQW10',NULL,NULL),('AA12GD38','2021-08-15','SQLD 제2장. 데이터 모델과 성능','01:00:00',NULL,'01:25:34','certificate','8HK63Z9CSQW10',NULL,NULL),('AA12HE28','2021-08-15','백준 7554번 문제 풀기','00:40:00',NULL,'00:45:23','algorithm','8HK63Z9CSQW10',NULL,NULL),('AA12IJ58','2021-08-15','백준 2433번 문제 풀기','00:40:00',NULL,'01:25:01','algorithm','8HK63Z9CSQW10',NULL,NULL),('AA13BJ59','2021-08-06','웹 서버와 WAS의 차이점','00:50:00',NULL,'00:05:44','cs','8HK63Z9CSQW10',NULL,NULL),('AA13DA49','2021-08-07','IntelliJ 환경설정 및 단축어 공부','00:30:00',NULL,'00:53:12','etc','8HK63Z9CSQW10',NULL,NULL),('AA13EA50','2021-08-08','Github README.md 정리하기','00:30:00',NULL,'01:25:34','etc','8HK63Z9CSQW10',NULL,NULL),('AQ125J54','2021-08-05','토비의 스프링 : 2장 테스트','01:00:00',NULL,'01:04:12','framework','629Q0LC8H2OC7',NULL,NULL),('AQ126J55','2021-08-05','토비의 스프링 : 3장 템플릿','01:30:00',NULL,'01:41:05','framework','629Q0LC8H2OC7',NULL,NULL),('AQ127J56','2021-08-05','토비의 스프링 : 4장 예외','01:00:00',NULL,'01:16:24','framework','629Q0LC8H2OC7',NULL,NULL),('AZ149J34','2021-08-17','백준 3501번 문제 풀기','00:40:00',NULL,'00:41:21','algorithm','629Q0LC8H2OC7',NULL,NULL),('BB12QE48','2021-08-16','백준 7554번 문제 풀기','00:40:00',NULL,'00:45:23','algorithm','8HK63Z9CSQW10',NULL,NULL),('BB13A336','2021-08-16','SQLD 제4장. SQL 활용','01:00:00',NULL,'01:25:34','certificate','8HK63Z9CSQW10',NULL,NULL),('BB149J34','2021-08-17','백준 3501번 문제 풀기','00:40:00',NULL,'00:41:21','algorithm','8HK63Z9CSQW10',NULL,NULL),('BB14WJ34','2021-08-16','프로그래머스 SQL 고득점 Kit : SELECT','00:40:00',NULL,'00:00:01','certificate','8HK63Z9CSQW10',NULL,NULL),('BB42VJ44','2021-08-17','프로그래머스 SQL 고득점 Kit : SUM, MAX, MIN','00:45:00',NULL,'00:47:21','certificate','8HK63Z9CSQW10',NULL,NULL),('BB43RJ54','2021-08-17','프로그래머스 SQL 고득점 Kit : SELECT','00:45:00',NULL,'00:45:01','certificate','8HK63Z9CSQW10',NULL,NULL),('BB45XJ34','2021-08-17','프로그래머스 SQL 고득점 Kit : IS NULL','00:45:00',NULL,'00:46:21','certificate','8HK63Z9CSQW10',NULL,NULL),('BB466J24','2021-08-17','프로그래머스 SQL 고득점 Kit : GROUP BY','00:45:00',NULL,'00:57:03','certificate','8HK63Z9CSQW10',NULL,NULL),('BX129J58','2021-08-18','프로그래머스 SQL 고득점 Kit : JOIN','01:00:00',NULL,'01:25:31','certificate','629Q0LC8H2OC7',NULL,NULL),('BX129J59','2021-08-18','프로그래머스 SQL 고득점 Kit : STRING, DATE','00:45:00',NULL,'00:55:57','certificate','629Q0LC8H2OC7',NULL,NULL),('BX129J60','2021-08-18','SQLD 제5장. SQL 최적화 기본 원리','01:00:00',NULL,'01:25:31','certificate','629Q0LC8H2OC7',NULL,NULL),('BX129J70','2021-08-19','SQLD 2과목 제1장. 아키텍처 기반 튜닝 원리','01:00:00',NULL,'01:01:57','certificate','629Q0LC8H2OC7',NULL,NULL),('CC129J58','2021-08-18','프로그래머스 SQL 고득점 Kit : JOIN','01:00:00',NULL,'01:25:31','certificate','8HK63Z9CSQW10',NULL,NULL),('CC129J59','2021-08-18','프로그래머스 SQL 고득점 Kit : STRING, DATE','00:45:00',NULL,'00:55:57','certificate','8HK63Z9CSQW10',NULL,NULL),('CC129J60','2021-08-18','백준 1334번 문제 풀기','00:40:00',NULL,'00:41:36','algorithm','8HK63Z9CSQW10',NULL,NULL),('CC129J61','2021-08-18','백준 2433번 문제 풀기','00:40:00',NULL,'01:21:46','algorithm','8HK63Z9CSQW10',NULL,NULL),('CC129J6A','2021-08-18','SQLD 제5장. SQL 최적화 기본 원리','01:00:00',NULL,'01:25:31','certificate','8HK63Z9CSQW10',NULL,NULL),('CQ123D38','2021-08-15','SQLD 제2장. 데이터 모델과 성능','01:00:00',NULL,'01:25:34','certificate','629Q0LC8H2OC7',NULL,NULL),('CQ123D58','2021-08-15','SQLD 제1장. 데이터 모델링의 이해','01:00:00',NULL,'01:05:44','certificate','629Q0LC8H2OC7',NULL,NULL),('CQ123E336','2021-08-16','SQLD 제4장. SQL 활용','01:00:00',NULL,'01:25:34','certificate','629Q0LC8H2OC7',NULL,NULL),('CQ123E35','2021-08-16','SQLD 제3장. SQL 기본','00:30:00',NULL,'00:35:44','certificate','629Q0LC8H2OC7',NULL,NULL),('CQ149J34','2021-08-16','프로그래머스 SQL 고득점 Kit : SELECT','00:40:00',NULL,'00:00:01','certificate','629Q0LC8H2OC7',NULL,NULL),('CQ218RTG','2021-08-17','백준 문제 풀기','01:00:00','\0','00:01:34','algorithm','Q897A6890HLPH','2021-08-17 11:02:04.015493',''),('D05T89GW','2021-08-19','백준 5356번 문제 풀기','00:40:00','\0','00:04:47','algorithm','629Q0LC8H2OC7','2021-08-19 11:51:02.337097',''),('E1F481A1','2021-08-14','스프링 시큐리티 공부','01:15:00',NULL,'01:41:10','framework','9WL0WA4L1UQ1E',NULL,NULL),('E1F481A3','2021-08-14','스프링 시큐리티 공부','01:15:00',NULL,'01:48:00','framework','W963651S7589J',NULL,NULL),('E1F481A4','2021-08-14','스프링 시큐리티 공부','00:20:00',NULL,'00:22:00','framework','ZBBEE3OA3N89L',NULL,NULL),('E1F481A5','2021-08-14','스프링 시큐리티 공부','02:40:00',NULL,'03:15:00','framework','ZP4XBO036G25W',NULL,NULL),('EDF481A1','2021-08-14','운영체제: 데드락','01:30:00',NULL,'02:31:00','cs','9WL0WA4L1UQ1E',NULL,NULL),('EDF481A3','2021-08-14','운영체제: 데드락','01:20:00',NULL,'01:41:00','cs','W963651S7589J',NULL,NULL),('EDF481A4','2021-08-14','운영체제: 데드락','03:00:00',NULL,'05:31:00','cs','ZBBEE3OA3N89L',NULL,NULL),('EDF481A5','2021-08-14','운영체제: 데드락','02:40:00',NULL,'04:21:00','cs','ZP4XBO036G25W',NULL,NULL),('EZ130A49','2021-08-07','IntelliJ 환경설정 및 단축어 공부','00:30:00',NULL,'00:53:12','etc','629Q0LC8H2OC7',NULL,NULL),('EZ130A50','2021-08-08','Github README.md 정리하기','00:30:00',NULL,'01:25:34','etc','629Q0LC8H2OC7',NULL,NULL),('FA1F1413','2021-08-17','크루스칼 완전정복','02:00:00','\0','00:00:00','algorithm','ZBBEE3OA3N89L','2021-08-17 00:22:48.377138','\0'),('G1U9ZRVK','2021-08-19','SQLD 2과목 제1장. 아키텍처 기반 튜닝 원리 ','01:00:00','\0','00:00:06','certificate','8HK63Z9CSQW10','2021-08-19 16:51:30.215035','\0'),('GB12ZE35','2021-08-16','SQLD 제3장. SQL 기본','00:30:00',NULL,'00:35:44','certificate','8HK63Z9CSQW10',NULL,NULL),('HM1U49T8','2021-08-19','백준 1285 문제 풀기','01:00:00','\0','00:00:07','algorithm','ZBBEE3OA3N89L','2021-08-19 21:16:06.949740',''),('HON9RGKW','2021-08-16','vue-0816','02:00:00','\0','00:13:29','framework','ZBBEE3OA3N89L','2021-08-16 00:03:41.067848','\0'),('KG4TCMRL','2021-08-18','비교용임','02:00:00','\0','00:00:15','algorithm','ZBBEE3OA3N89L','2021-08-18 01:05:45.772902','\0'),('O16011A1','2021-08-02','test','01:25:00',NULL,'01:45:10','framework','6OT8072V58Z5N',NULL,NULL),('O16021A2','2021-08-02','test','01:00:00',NULL,'01:55:00','framework','Q897A6890HLPH',NULL,NULL),('O16031A3','2021-08-02','test','01:10:00',NULL,'02:15:00','framework','W963651S7589J',NULL,NULL),('O16041A4','2021-08-02','test','01:20:00',NULL,'01:56:00','framework','ZBBEE3OA3N89L',NULL,NULL),('O16051A5','2021-08-02','test','01:10:00',NULL,'01:14:00','framework','ZP4XBO036G25W',NULL,NULL),('O16111A1','2021-08-02','test','02:25:00',NULL,'02:45:10','cs','6OT8072V58Z5N',NULL,NULL),('O16121A2','2021-08-02','test','02:00:00',NULL,'02:55:00','cs','Q897A6890HLPH',NULL,NULL),('O16131A3','2021-08-02','test','02:10:00',NULL,'03:15:00','cs','W963651S7589J',NULL,NULL),('O16141A4','2021-08-02','test','02:20:00',NULL,'02:56:00','cs','ZBBEE3OA3N89L',NULL,NULL),('O16151A5','2021-08-02','test','02:10:00',NULL,'02:14:00','cs','ZP4XBO036G25W',NULL,NULL),('O16211A1','2021-08-02','test','01:30:00',NULL,'01:05:10','algorithm','6OT8072V58Z5N',NULL,NULL),('O16221A2','2021-08-02','test','02:00:00',NULL,'00:55:00','algorithm','Q897A6890HLPH',NULL,NULL),('O16231A3','2021-08-02','test','01:00:00',NULL,'01:15:00','algorithm','W963651S7589J',NULL,NULL),('O16241A4','2021-08-02','test','01:30:00',NULL,'00:56:00','algorithm','ZBBEE3OA3N89L',NULL,NULL),('O16251A5','2021-08-02','test','01:30:00',NULL,'02:14:00','algorithm','ZP4XBO036G25W',NULL,NULL),('O16311A1','2021-08-02','test','00:30:00',NULL,'00:05:10','etc','6OT8072V58Z5N',NULL,NULL),('O16321A2','2021-08-02','test','01:00:00',NULL,'00:25:00','etc','Q897A6890HLPH',NULL,NULL),('O16331A3','2021-08-02','test','00:30:00',NULL,'00:15:00','etc','W963651S7589J',NULL,NULL),('O16341A4','2021-08-02','test','00:30:00',NULL,'00:16:00','etc','ZBBEE3OA3N89L',NULL,NULL),('O16351A5','2021-08-02','test','00:30:00',NULL,'00:14:00','etc','ZP4XBO036G25W',NULL,NULL),('O16381A1','2021-08-15','네트워크 공부','01:25:00',NULL,'01:45:10','cs','9WL0WA4L1UQ1E',NULL,NULL),('O16381A3','2021-08-15','네트워크 공부','01:10:00',NULL,'02:15:00','cs','W963651S7589J',NULL,NULL),('O16381A4','2021-08-15','네트워크 공부','01:20:00',NULL,'01:56:00','cs','ZBBEE3OA3N89L',NULL,NULL),('O16381A5','2021-08-15','네트워크 공부','01:10:00',NULL,'01:14:00','cs','ZP4XBO036G25W',NULL,NULL),('O16411A1','2021-08-02','test','03:30:00',NULL,'03:05:10','certificate','6OT8072V58Z5N',NULL,NULL),('O16421A2','2021-08-02','test','03:00:00',NULL,'03:25:00','certificate','Q897A6890HLPH',NULL,NULL),('O16611A2','2021-08-04','test','03:00:00',NULL,'03:25:00','certificate','Q897A6890HLPH',NULL,NULL),('O1671155','2021-08-04','test','00:10:00',NULL,'00:14:00','cs','ZP4XBO036G25W',NULL,NULL),('O1672111','2021-08-04','test','01:30:00',NULL,'01:05:10','algorithm','6OT8072V58Z5N',NULL,NULL),('O1673112','2021-08-04','test','01:00:00',NULL,'01:55:00','algorithm','Q897A6890HLPH',NULL,NULL),('O1674113','2021-08-04','test','01:00:00',NULL,'01:15:00','algorithm','W963651S7589J',NULL,NULL),('O1675114','2021-08-04','test','01:30:00',NULL,'01:56:00','algorithm','ZBBEE3OA3N89L',NULL,NULL),('O1676115','2021-08-04','test','01:30:00',NULL,'02:14:00','algorithm','ZP4XBO036G25W',NULL,NULL),('O1677124','2021-08-04','test','00:30:00',NULL,'00:16:00','etc','ZBBEE3OA3N89L',NULL,NULL),('O16780B1','2021-08-10','test','02:20:00',NULL,'01:49:10','algorithm','6OT8072V58Z5N',NULL,NULL),('O16780B2','2021-08-10','test','02:40:00',NULL,'02:17:32','algorithm','Q897A6890HLPH',NULL,NULL),('O16780B3','2021-08-10','test','01:50:00',NULL,'01:55:53','algorithm','W963651S7589J',NULL,NULL),('O16780B4','2021-08-10','test','01:40:00',NULL,'02:16:23','algorithm','ZBBEE3OA3N89L',NULL,NULL),('O16780B5','2021-08-10','test','02:00:00',NULL,'02:24:43','algorithm','ZP4XBO036G25W',NULL,NULL),('O16780C1','2021-08-10','test','03:10:00',NULL,'02:49:23','cs','6OT8072V58Z5N',NULL,NULL),('O16780C2','2021-08-10','test','02:20:00',NULL,'02:25:43','cs','Q897A6890HLPH',NULL,NULL),('O16780C3','2021-08-10','test','02:30:00',NULL,'02:55:12','cs','W963651S7589J',NULL,NULL),('O16780C4','2021-08-10','test','02:20:00',NULL,'02:56:31','cs','ZBBEE3OA3N89L',NULL,NULL),('O16780C5','2021-08-10','test','03:30:00',NULL,'02:44:23','cs','ZP4XBO036G25W',NULL,NULL),('O16780D1','2021-08-10','test','03:00:00',NULL,'02:49:12','framework','6OT8072V58Z5N',NULL,NULL),('O16780D2','2021-08-10','test','03:20:00',NULL,'03:28:32','framework','Q897A6890HLPH',NULL,NULL),('O16780D3','2021-08-10','test','03:00:00',NULL,'02:25:24','framework','W963651S7589J',NULL,NULL),('O16780D4','2021-08-10','test','02:30:00',NULL,'02:56:32','framework','ZBBEE3OA3N89L',NULL,NULL),('O16780D5','2021-08-10','test','03:00:00',NULL,'03:14:52','framework','ZP4XBO036G25W',NULL,NULL),('O16780E1','2021-08-10','test','02:40:00',NULL,'02:49:20','certificate','6OT8072V58Z5N',NULL,NULL),('O16780E2','2021-08-10','test','01:30:00',NULL,'02:15:00','certificate','Q897A6890HLPH',NULL,NULL),('O16780E3','2021-08-10','test','02:30:00',NULL,'02:34:00','certificate','W963651S7589J',NULL,NULL),('O16780E4','2021-08-10','test','01:30:00',NULL,'01:52:00','certificate','ZBBEE3OA3N89L',NULL,NULL),('O16780E5','2021-08-10','test','02:30:00',NULL,'02:34:00','certificate','ZP4XBO036G25W',NULL,NULL),('O16780F1','2021-08-10','test','04:40:00',NULL,'03:43:20','etc','6OT8072V58Z5N',NULL,NULL),('O16780F2','2021-08-10','test','03:00:00',NULL,'02:25:34','etc','Q897A6890HLPH',NULL,NULL),('O16780F3','2021-08-10','test','02:30:00',NULL,'01:43:23','etc','W963651S7589J',NULL,NULL),('O16780F4','2021-08-10','test','04:00:00',NULL,'04:36:23','etc','ZBBEE3OA3N89L',NULL,NULL),('O16780F5','2021-08-10','test','04:00:00',NULL,'04:23:43','etc','ZP4XBO036G25W',NULL,NULL),('O1678125','2021-08-04','test','00:30:00',NULL,'00:14:00','etc','ZP4XBO036G25W',NULL,NULL),('O16781A1','2021-08-15','스프링 데이터 JPA','01:25:00',NULL,'01:45:10','framework','9WL0WA4L1UQ1E',NULL,NULL),('O16781A3','2021-08-15','스프링 데이터 JPA','01:10:00',NULL,'02:15:00','framework','W963651S7589J',NULL,NULL),('O16781A4','2021-08-15','스프링 데이터 JPA','01:20:00',NULL,'01:56:00','framework','ZBBEE3OA3N89L',NULL,NULL),('O16781A5','2021-08-15','스프링 데이터 JPA','01:10:00',NULL,'01:14:00','framework','ZP4XBO036G25W',NULL,NULL),('O16781B1','2021-08-11','test','03:20:00',NULL,'03:49:23','algorithm','6OT8072V58Z5N',NULL,NULL),('O16781B2','2021-08-11','test','03:30:00',NULL,'04:17:14','algorithm','Q897A6890HLPH',NULL,NULL),('O16781B3','2021-08-11','test','04:00:00',NULL,'04:35:42','algorithm','W963651S7589J',NULL,NULL),('O16781B4','2021-08-11','test','04:00:00',NULL,'04:16:52','algorithm','ZBBEE3OA3N89L',NULL,NULL),('O16781B5','2021-08-11','test','03:30:00',NULL,'03:24:32','algorithm','ZP4XBO036G25W',NULL,NULL),('O16781C1','2021-08-11','test','02:30:00',NULL,'03:23:42','cs','6OT8072V58Z5N',NULL,NULL),('O16781C2','2021-08-11','test','03:30:00',NULL,'04:25:21','cs','Q897A6890HLPH',NULL,NULL),('O16781C3','2021-08-11','test','04:30:00',NULL,'04:42:24','cs','W963651S7589J',NULL,NULL),('O16781C4','2021-08-11','test','03:30:00',NULL,'03:52:32','cs','ZBBEE3OA3N89L',NULL,NULL),('O16781C5','2021-08-11','test','03:30:00',NULL,'04:42:42','cs','ZP4XBO036G25W',NULL,NULL),('O16781D1','2021-08-11','test','05:00:00',NULL,'04:49:12','framework','6OT8072V58Z5N',NULL,NULL),('O16781D2','2021-08-11','test','04:20:00',NULL,'03:28:32','framework','Q897A6890HLPH',NULL,NULL),('O16781D3','2021-08-11','test','05:00:00',NULL,'04:25:24','framework','W963651S7589J',NULL,NULL),('O16781D4','2021-08-11','test','04:30:00',NULL,'04:56:32','framework','ZBBEE3OA3N89L',NULL,NULL),('O16781D5','2021-08-11','test','05:00:00',NULL,'05:14:52','framework','ZP4XBO036G25W',NULL,NULL),('O16781E1','2021-08-11','test','02:40:00',NULL,'03:29:20','certificate','6OT8072V58Z5N',NULL,NULL),('O16781E2','2021-08-11','test','02:00:00',NULL,'02:35:42','certificate','Q897A6890HLPH',NULL,NULL),('O16781E3','2021-08-11','test','02:00:00',NULL,'02:24:21','certificate','W963651S7589J',NULL,NULL),('O16781E4','2021-08-11','test','02:30:00',NULL,'01:52:42','certificate','ZBBEE3OA3N89L',NULL,NULL),('O16781E5','2021-08-11','test','03:30:00',NULL,'02:34:13','certificate','ZP4XBO036G25W',NULL,NULL),('O16781F1','2021-08-11','test','02:40:00',NULL,'03:43:20','etc','6OT8072V58Z5N',NULL,NULL),('O16781F2','2021-08-11','test','03:00:00',NULL,'02:25:34','etc','Q897A6890HLPH',NULL,NULL),('O16781F3','2021-08-11','test','03:30:00',NULL,'03:43:23','etc','W963651S7589J',NULL,NULL),('O16781F4','2021-08-11','test','02:00:00',NULL,'02:36:23','etc','ZBBEE3OA3N89L',NULL,NULL),('O16781F5','2021-08-11','test','03:00:00',NULL,'03:23:43','etc','ZP4XBO036G25W',NULL,NULL),('O16782B1','2021-08-12','test','01:35:00',NULL,'01:25:13','framework','6OT8072V58Z5N',NULL,NULL),('O16782B2','2021-08-12','test','02:00:00',NULL,'01:24:51','framework','Q897A6890HLPH',NULL,NULL),('O16782B3','2021-08-12','test','01:30:00',NULL,'02:15:32','framework','W963651S7589J',NULL,NULL),('O16782B4','2021-08-12','test','01:30:00',NULL,'01:56:02','framework','ZBBEE3OA3N89L',NULL,NULL),('O16782B5','2021-08-12','test','01:40:00',NULL,'01:52:42','framework','ZP4XBO036G25W',NULL,NULL),('O16782C1','2021-08-12','test','01:00:00',NULL,'01:04:43','cs','6OT8072V58Z5N',NULL,NULL),('O16782C2','2021-08-12','test','02:30:00',NULL,'02:53:24','cs','Q897A6890HLPH',NULL,NULL),('O16782C3','2021-08-12','test','02:00:00',NULL,'02:25:15','etc','W963651S7589J',NULL,NULL),('O16782C4','2021-08-12','test','02:30:00',NULL,'02:56:02','etc','ZBBEE3OA3N89L',NULL,NULL),('O16782C5','2021-08-12','test','01:30:00',NULL,'01:15:42','cs','ZP4XBO036G25W',NULL,NULL),('O16782D1','2021-08-12','test','02:00:00',NULL,'02:15:13','etc','6OT8072V58Z5N',NULL,NULL),('O16782D2','2021-08-12','test','02:20:00',NULL,'04:28:32','framework','Q897A6890HLPH',NULL,NULL),('O16782D3','2021-08-12','test','02:00:00',NULL,'02:25:24','framework','W963651S7589J',NULL,NULL),('O16782D4','2021-08-12','test','03:30:00',NULL,'03:56:32','framework','ZBBEE3OA3N89L',NULL,NULL),('O16782D5','2021-08-12','test','04:00:00',NULL,'04:14:52','framework','ZP4XBO036G25W',NULL,NULL),('O16782E1','2021-08-12','test','01:30:00',NULL,'02:29:20','certificate','6OT8072V58Z5N',NULL,NULL),('O16782E2','2021-08-12','test','01:00:00',NULL,'01:23:42','certificate','Q897A6890HLPH',NULL,NULL),('O16782E3','2021-08-12','test','02:00:00',NULL,'02:23:21','certificate','W963651S7589J',NULL,NULL),('O16782E4','2021-08-12','test','02:30:00',NULL,'01:52:42','certificate','ZBBEE3OA3N89L',NULL,NULL),('O16782E5','2021-08-12','test','02:30:00',NULL,'01:34:13','certificate','ZP4XBO036G25W',NULL,NULL),('O16782F1','2021-08-12','test','02:30:00',NULL,'02:43:20','etc','6OT8072V58Z5N',NULL,NULL),('O16782F2','2021-08-12','test','04:00:00',NULL,'04:25:34','etc','Q897A6890HLPH',NULL,NULL),('O16782F3','2021-08-12','test','04:30:00',NULL,'04:43:23','etc','W963651S7589J',NULL,NULL),('O16782F4','2021-08-12','test','03:00:00',NULL,'02:42:23','etc','ZBBEE3OA3N89L',NULL,NULL),('O16782F5','2021-08-12','test','03:40:00',NULL,'03:43:43','etc','ZP4XBO036G25W',NULL,NULL),('O16783B1','2021-08-13','test','01:20:00',NULL,'01:29:13','algorithm','6OT8072V58Z5N',NULL,NULL),('O16783B3','2021-08-13','test','01:30:00',NULL,'01:35:32','algorithm','W963651S7589J',NULL,NULL),('O16783B4','2021-08-13','test','01:00:00',NULL,'01:16:14','algorithm','ZBBEE3OA3N89L',NULL,NULL),('O16783B5','2021-08-13','test','01:30:00',NULL,'01:24:32','algorithm','ZP4XBO036G25W',NULL,NULL),('O16783C1','2021-08-13','test','01:00:00',NULL,'02:23:21','cs','6OT8072V58Z5N',NULL,NULL),('O16783C2','2021-08-13','test','01:30:00',NULL,'02:32:32','cs','Q897A6890HLPH',NULL,NULL),('O16783C4','2021-08-13','test','01:30:00',NULL,'02:32:13','cs','ZBBEE3OA3N89L',NULL,NULL),('O16783D1','2021-08-13','test','02:00:00',NULL,'01:49:13','framework','6OT8072V58Z5N',NULL,NULL),('O16783D2','2021-08-13','test','01:40:00',NULL,'02:28:32','framework','Q897A6890HLPH',NULL,NULL),('O16783D3','2021-08-13','test','02:00:00',NULL,'01:25:24','framework','W963651S7589J',NULL,NULL),('O16783D4','2021-08-13','test','02:30:00',NULL,'02:56:32','framework','ZBBEE3OA3N89L',NULL,NULL),('O16783E1','2021-08-13','test','01:30:00',NULL,'02:12:20','certificate','6OT8072V58Z5N',NULL,NULL),('O16783E2','2021-08-13','test','01:00:00',NULL,'01:43:42','certificate','Q897A6890HLPH',NULL,NULL),('O16783E3','2021-08-13','test','02:00:00',NULL,'02:23:21','certificate','W963651S7589J',NULL,NULL),('O16783E4','2021-08-13','test','02:30:00',NULL,'01:23:42','certificate','ZBBEE3OA3N89L',NULL,NULL),('O16783F1','2021-08-13','test','02:30:00',NULL,'01:43:20','etc','6OT8072V58Z5N',NULL,NULL),('O16783F2','2021-08-13','test','02:00:00',NULL,'02:25:34','etc','Q897A6890HLPH',NULL,NULL),('O16783F3','2021-08-13','test','02:30:00',NULL,'01:43:23','etc','W963651S7589J',NULL,NULL),('O16783F4','2021-08-13','test','03:00:00',NULL,'02:23:23','etc','ZBBEE3OA3N89L',NULL,NULL),('O16783F5','2021-08-13','test','03:00:00',NULL,'03:12:43','etc','ZP4XBO036G25W',NULL,NULL),('O16784B4','2021-08-14','test','01:00:00',NULL,'01:16:14','algorithm','ZBBEE3OA3N89L',NULL,NULL),('O16784B5','2021-08-14','test','01:30:00',NULL,'01:32:32','algorithm','ZP4XBO036G25W',NULL,NULL),('O16784C1','2021-08-14','test','01:00:00',NULL,'01:23:21','cs','6OT8072V58Z5N',NULL,NULL),('O16784C2','2021-08-14','test','01:00:00',NULL,'02:12:32','cs','Q897A6890HLPH',NULL,NULL),('O16784C5','2021-08-14','test','01:30:00',NULL,'01:42:32','cs','ZP4XBO036G25W',NULL,NULL),('O16784D1','2021-08-14','test','01:00:00',NULL,'01:12:14','framework','6OT8072V58Z5N',NULL,NULL),('O16784D2','2021-08-14','test','01:40:00',NULL,'01:28:32','framework','Q897A6890HLPH',NULL,NULL),('O16784D4','2021-08-14','test','01:30:00',NULL,'02:05:32','framework','ZBBEE3OA3N89L',NULL,NULL),('O16784D5','2021-08-14','test','01:00:00',NULL,'01:14:52','framework','ZP4XBO036G25W',NULL,NULL),('O16784E1','2021-08-14','test','01:30:00',NULL,'02:12:20','certificate','6OT8072V58Z5N',NULL,NULL),('O16784E4','2021-08-14','test','01:30:00',NULL,'01:23:42','certificate','ZBBEE3OA3N89L',NULL,NULL),('O16784F3','2021-08-14','test','03:00:00',NULL,'03:12:23','etc','W963651S7589J',NULL,NULL),('O16784F4','2021-08-14','test','02:30:00',NULL,'02:53:23','etc','ZBBEE3OA3N89L',NULL,NULL),('O16784F5','2021-08-14','test','01:00:00',NULL,'01:32:43','etc','ZP4XBO036G25W',NULL,NULL),('O16785B4','2021-08-15','test','01:00:00',NULL,'01:42:52','algorithm','ZBBEE3OA3N89L',NULL,NULL),('O16785B5','2021-08-15','test','01:00:00',NULL,'01:32:24','algorithm','ZP4XBO036G25W',NULL,NULL),('O16785C2','2021-08-15','test','01:30:00',NULL,'02:17:42','cs','Q897A6890HLPH',NULL,NULL),('O16785C5','2021-08-15','test','01:30:00',NULL,'01:52:32','cs','ZP4XBO036G25W',NULL,NULL),('O16785D1','2021-08-15','test','01:00:00',NULL,'01:32:32','framework','6OT8072V58Z5N',NULL,NULL),('O16785D2','2021-08-15','test','01:40:00',NULL,'02:17:32','framework','Q897A6890HLPH',NULL,NULL),('O16785D3','2021-08-15','test','01:00:00',NULL,'01:25:12','framework','W963651S7589J',NULL,NULL),('O16785E1','2021-08-15','test','01:30:00',NULL,'01:49:20','certificate','6OT8072V58Z5N',NULL,NULL),('O16785E2','2021-08-15','test','01:00:00',NULL,'01:28:42','certificate','Q897A6890HLPH',NULL,NULL),('O16785E3','2021-08-15','test','02:00:00',NULL,'02:19:21','certificate','W963651S7589J',NULL,NULL),('O16785F2','2021-08-15','test','02:00:00',NULL,'02:27:34','etc','Q897A6890HLPH',NULL,NULL),('O16786B2','2021-08-16','test','05:30:00',NULL,'05:58:35','algorithm','Q897A6890HLPH',NULL,NULL),('O16786B3','2021-08-16','test','05:30:00',NULL,'05:53:32','algorithm','W963651S7589J',NULL,NULL),('O16786B4','2021-08-16','test','03:00:00',NULL,'03:18:42','algorithm','ZBBEE3OA3N89L',NULL,NULL),('O16786B5','2021-08-16','test','01:00:00',NULL,'01:42:52','algorithm','ZP4XBO036G25W',NULL,NULL),('O16786C1','2021-08-16','test','01:30:00',NULL,'01:23:21','cs','6OT8072V58Z5N',NULL,NULL),('O16786C4','2021-08-16','test','01:30:00',NULL,'02:16:16','cs','ZBBEE3OA3N89L',NULL,NULL),('O16786D1','2021-08-16','test','02:00:00',NULL,'02:19:16','framework','6OT8072V58Z5N',NULL,NULL),('O16786D5','2021-08-16','test','01:00:00',NULL,'01:29:52','framework','ZP4XBO036G25W',NULL,NULL),('O16786F1','2021-08-16','test','02:30:00',NULL,'02:13:20','etc','6OT8072V58Z5N',NULL,NULL),('O16786F4','2021-08-16','test','03:00:00',NULL,'02:23:23','etc','ZBBEE3OA3N89L',NULL,NULL),('O16787B2','2021-08-17','test','02:30:00',NULL,'01:17:42','algorithm','Q897A6890HLPH',NULL,NULL),('O16787B3','2021-08-17','test','02:30:00',NULL,'01:35:32','algorithm','W963651S7589J',NULL,NULL),('O16787B4','2021-08-17','test','01:00:00',NULL,'01:05:14','algorithm','ZBBEE3OA3N89L',NULL,NULL),('O16787B5','2021-08-17','test','03:30:00',NULL,'04:24:32','algorithm','ZP4XBO036G25W',NULL,NULL),('O16787C3','2021-08-17','test','01:30:00',NULL,'01:42:32','cs','W963651S7589J',NULL,NULL),('O16787C4','2021-08-17','test','01:30:00',NULL,'01:21:26','cs','ZBBEE3OA3N89L',NULL,NULL),('O16787D2','2021-08-17','test','01:40:00',NULL,'02:12:24','framework','Q897A6890HLPH',NULL,NULL),('O16787D3','2021-08-17','test','01:30:00',NULL,'01:42:24','framework','W963651S7589J',NULL,NULL),('O16787E1','2021-08-17','test','03:30:00',NULL,'02:52:20','certificate','6OT8072V58Z5N',NULL,NULL),('O16787E2','2021-08-17','test','01:00:00',NULL,'01:14:42','certificate','Q897A6890HLPH',NULL,NULL),('O16787E3','2021-08-17','test','02:00:00',NULL,'02:36:21','certificate','W963651S7589J',NULL,NULL),('O16787F1','2021-08-17','test','02:00:00',NULL,'01:24:16','etc','6OT8072V58Z5N',NULL,NULL),('O16787F2','2021-08-17','test','02:00:00',NULL,'01:46:34','etc','Q897A6890HLPH',NULL,NULL),('O16787F3','2021-08-17','test','02:00:00',NULL,'01:24:21','etc','W963651S7589J',NULL,NULL),('O16787F4','2021-08-17','test','01:00:00',NULL,'01:31:23','etc','ZBBEE3OA3N89L',NULL,NULL),('O16787F5','2021-08-17','test','01:00:00',NULL,'00:57:43','etc','ZP4XBO036G25W',NULL,NULL),('O16789B1','2021-08-09','test','01:40:00',NULL,'01:39:10','algorithm','6OT8072V58Z5N',NULL,NULL),('O16789B2','2021-08-09','test','02:00:00',NULL,'01:55:00','algorithm','Q897A6890HLPH',NULL,NULL),('O16789B3','2021-08-09','test','03:10:00',NULL,'02:35:00','algorithm','W963651S7589J',NULL,NULL),('O16789B4','2021-08-09','test','02:20:00',NULL,'02:56:00','algorithm','ZBBEE3OA3N89L',NULL,NULL),('O16789B5','2021-08-09','test','01:50:00',NULL,'01:24:00','algorithm','ZP4XBO036G25W',NULL,NULL),('O16789C1','2021-08-09','test','02:20:00',NULL,'01:49:00','cs','6OT8072V58Z5N',NULL,NULL),('O16789C2','2021-08-09','test','01:20:00',NULL,'01:25:00','cs','Q897A6890HLPH',NULL,NULL),('O16789C3','2021-08-09','test','01:30:00',NULL,'01:55:00','cs','W963651S7589J',NULL,NULL),('O16789C4','2021-08-09','test','01:40:00',NULL,'01:56:00','cs','ZBBEE3OA3N89L',NULL,NULL),('O16789C5','2021-08-09','test','02:50:00',NULL,'02:14:00','cs','ZP4XBO036G25W',NULL,NULL),('O16789D1','2021-08-09','test','03:20:00',NULL,'04:49:00','framework','6OT8072V58Z5N',NULL,NULL),('O16789D2','2021-08-09','test','04:20:00',NULL,'03:25:00','framework','Q897A6890HLPH',NULL,NULL),('O16789D3','2021-08-09','test','03:30:00',NULL,'02:55:00','framework','W963651S7589J',NULL,NULL),('O16789D4','2021-08-09','test','02:10:00',NULL,'01:56:00','framework','ZBBEE3OA3N89L',NULL,NULL),('O16789D5','2021-08-09','test','03:30:00',NULL,'02:44:00','framework','ZP4XBO036G25W',NULL,NULL),('O16789E1','2021-08-09','test','01:40:00',NULL,'01:39:10','certificate','6OT8072V58Z5N',NULL,NULL),('O16789E2','2021-08-09','test','04:20:00',NULL,'03:25:00','certificate','Q897A6890HLPH',NULL,NULL),('O16789E3','2021-08-09','test','03:30:00',NULL,'02:55:00','certificate','W963651S7589J',NULL,NULL),('O16789E4','2021-08-09','test','02:10:00',NULL,'01:56:00','certificate','ZBBEE3OA3N89L',NULL,NULL),('O16789E5','2021-08-09','test','03:30:00',NULL,'02:44:00','certificate','ZP4XBO036G25W',NULL,NULL),('O16789F1','2021-08-09','test','03:40:00',NULL,'02:39:10','etc','6OT8072V58Z5N',NULL,NULL),('O16789F2','2021-08-09','test','04:20:00',NULL,'02:25:00','etc','Q897A6890HLPH',NULL,NULL),('O16789F3','2021-08-09','test','02:30:00',NULL,'01:55:00','etc','W963651S7589J',NULL,NULL),('O16789F4','2021-08-09','test','04:10:00',NULL,'03:56:00','etc','ZBBEE3OA3N89L',NULL,NULL),('O16789F5','2021-08-09','test','03:30:00',NULL,'03:44:00','etc','ZP4XBO036G25W',NULL,NULL),('O16791A1','2021-08-04','test','03:30:00',NULL,'03:05:10','certificate','6OT8072V58Z5N',NULL,NULL),('O16811A1','2021-08-04','test','02:25:00',NULL,'02:25:10','framework','6OT8072V58Z5N',NULL,NULL),('O16821A2','2021-08-04','test','02:00:00',NULL,'02:15:00','framework','Q897A6890HLPH',NULL,NULL),('O16831A3','2021-08-04','test','02:10:00',NULL,'03:15:00','framework','W963651S7589J',NULL,NULL),('O16841A4','2021-08-04','test','02:20:00',NULL,'02:26:00','framework','ZBBEE3OA3N89L',NULL,NULL),('O16851A5','2021-08-04','test','02:10:00',NULL,'02:14:00','framework','ZP4XBO036G25W',NULL,NULL),('O1686151','2021-08-04','test','00:25:00',NULL,'00:45:10','cs','6OT8072V58Z5N',NULL,NULL),('O1687152','2021-08-04','test','00:30:00',NULL,'00:55:00','cs','Q897A6890HLPH',NULL,NULL),('O1688153','2021-08-04','test','00:30:00',NULL,'00:15:00','cs','W963651S7589J',NULL,NULL),('O1689154','2021-08-04','test','00:30:00',NULL,'00:56:00','cs','ZBBEE3OA3N89L',NULL,NULL),('O16901A5','2021-08-03','test','02:10:00',NULL,'02:14:00','framework','ZP4XBO036G25W',NULL,NULL),('O1691111','2021-08-03','test','01:30:00',NULL,'01:05:10','algorithm','6OT8072V58Z5N',NULL,NULL),('O1691121','2021-08-03','test','00:30:00',NULL,'00:05:10','etc','6OT8072V58Z5N',NULL,NULL),('O1691151','2021-08-03','test','02:25:00',NULL,'02:45:10','cs','6OT8072V58Z5N',NULL,NULL),('O16911A1','2021-08-03','test','00:25:00',NULL,'00:45:10','framework','6OT8072V58Z5N',NULL,NULL),('O1692112','2021-08-03','test','02:00:00',NULL,'00:55:00','algorithm','Q897A6890HLPH',NULL,NULL),('O1692122','2021-08-03','test','01:00:00',NULL,'00:25:00','etc','Q897A6890HLPH',NULL,NULL),('O1692152','2021-08-03','test','02:00:00',NULL,'02:55:00','cs','Q897A6890HLPH',NULL,NULL),('O16921A2','2021-08-03','test','00:00:00',NULL,'00:55:00','framework','Q897A6890HLPH',NULL,NULL),('O1693113','2021-08-03','test','01:00:00',NULL,'01:15:00','algorithm','W963651S7589J',NULL,NULL),('O1693123','2021-08-03','test','00:30:00',NULL,'00:15:00','etc','W963651S7589J',NULL,NULL),('O1693153','2021-08-03','test','02:10:00',NULL,'03:15:00','cs','W963651S7589J',NULL,NULL),('O16931A3','2021-08-03','test','00:10:00',NULL,'00:15:00','framework','W963651S7589J',NULL,NULL),('O1694114','2021-08-03','test','01:30:00',NULL,'00:56:00','algorithm','ZBBEE3OA3N89L',NULL,NULL),('O1694124','2021-08-03','test','00:30:00',NULL,'00:16:00','etc','ZBBEE3OA3N89L',NULL,NULL),('O1694154','2021-08-03','test','02:20:00',NULL,'02:56:00','cs','ZBBEE3OA3N89L',NULL,NULL),('O16941A4','2021-08-03','test','02:20:00',NULL,'02:56:00','framework','ZBBEE3OA3N89L',NULL,NULL),('O1695115','2021-08-03','test','01:30:00',NULL,'02:14:00','algorithm','ZP4XBO036G25W',NULL,NULL),('O1695125','2021-08-03','test','00:30:00',NULL,'00:14:00','etc','ZP4XBO036G25W',NULL,NULL),('O1695155','2021-08-03','test','02:10:00',NULL,'02:14:00','cs','ZP4XBO036G25W',NULL,NULL),('O16951A5','2021-08-03','test','02:10:00',NULL,'02:14:00','framework','ZP4XBO036G25W',NULL,NULL),('O16961A4','2021-08-03','test','02:20:00',NULL,'02:56:00','framework','ZBBEE3OA3N89L',NULL,NULL),('O16971A3','2021-08-03','test','00:10:00',NULL,'00:15:00','framework','W963651S7589J',NULL,NULL),('O16981A2','2021-08-03','test','00:00:00',NULL,'00:55:00','framework','Q897A6890HLPH',NULL,NULL),('O16991A1','2021-08-03','test','00:25:00',NULL,'00:45:10','framework','6OT8072V58Z5N',NULL,NULL),('O16A11A1','2021-08-05','test','02:25:00',NULL,'02:25:10','framework','6OT8072V58Z5N',NULL,NULL),('O16A21A2','2021-08-05','test','02:00:00',NULL,'02:15:00','framework','Q897A6890HLPH',NULL,NULL),('O16A31A3','2021-08-05','test','02:10:00',NULL,'03:15:00','framework','W963651S7589J',NULL,NULL),('O16A41A4','2021-08-05','test','02:20:00',NULL,'02:26:00','framework','ZBBEE3OA3N89L',NULL,NULL),('O16A51A5','2021-08-05','test','02:10:00',NULL,'02:14:00','framework','ZP4XBO036G25W',NULL,NULL),('O16A6151','2021-08-05','test','00:25:00',NULL,'00:45:10','cs','6OT8072V58Z5N',NULL,NULL),('O16A7152','2021-08-05','test','00:30:00',NULL,'00:55:00','cs','Q897A6890HLPH',NULL,NULL),('O16A8153','2021-08-05','test','00:30:00',NULL,'00:15:00','cs','W963651S7589J',NULL,NULL),('O16A9154','2021-08-05','test','00:30:00',NULL,'00:56:00','cs','ZBBEE3OA3N89L',NULL,NULL),('O16B1155','2021-08-05','test','00:10:00',NULL,'00:14:00','cs','ZP4XBO036G25W',NULL,NULL),('O16B2111','2021-08-05','test','03:30:00',NULL,'03:05:10','algorithm','6OT8072V58Z5N',NULL,NULL),('O16B3112','2021-08-05','test','00:20:00',NULL,'01:55:00','algorithm','Q897A6890HLPH',NULL,NULL),('O16B4113','2021-08-05','test','00:20:00',NULL,'00:15:00','algorithm','W963651S7589J',NULL,NULL),('O16B5114','2021-08-05','test','01:30:00',NULL,'00:56:00','algorithm','ZBBEE3OA3N89L',NULL,NULL),('O16B6115','2021-08-05','test','01:30:00',NULL,'02:04:00','algorithm','ZP4XBO036G25W',NULL,NULL),('O16B7124','2021-08-05','test','00:30:00',NULL,'00:16:00','etc','ZBBEE3OA3N89L',NULL,NULL),('O16B8125','2021-08-05','test','00:30:00',NULL,'00:14:00','etc','ZP4XBO036G25W',NULL,NULL),('O16B91A1','2021-08-05','test','03:30:00',NULL,'04:05:10','certificate','6OT8072V58Z5N',NULL,NULL),('O16C11A2','2021-08-05','test','02:00:00',NULL,'02:25:00','certificate','Q897A6890HLPH',NULL,NULL),('O16D11A1','2021-08-06','test','03:25:00',NULL,'03:27:10','framework','6OT8072V58Z5N',NULL,NULL),('O16D21A2','2021-08-06','test','01:00:00',NULL,'01:15:00','framework','Q897A6890HLPH',NULL,NULL),('O16D31A3','2021-08-06','test','01:10:00',NULL,'01:15:00','framework','W963651S7589J',NULL,NULL),('O16D41A4','2021-08-06','test','00:20:00',NULL,'00:26:00','framework','ZBBEE3OA3N89L',NULL,NULL),('O16D51A5','2021-08-06','test','00:10:00',NULL,'00:14:00','framework','ZP4XBO036G25W',NULL,NULL),('O16D6151','2021-08-06','test','01:25:00',NULL,'01:45:10','cs','6OT8072V58Z5N',NULL,NULL),('O16D7152','2021-08-06','test','03:30:00',NULL,'03:55:00','cs','Q897A6890HLPH',NULL,NULL),('O16D8153','2021-08-06','test','03:30:00',NULL,'03:15:00','cs','W963651S7589J',NULL,NULL),('O16D9154','2021-08-06','test','01:30:00',NULL,'01:56:00','cs','ZBBEE3OA3N89L',NULL,NULL),('O16E1155','2021-08-06','test','01:10:00',NULL,'01:14:00','cs','ZP4XBO036G25W',NULL,NULL),('O16E2111','2021-08-06','test','01:30:00',NULL,'01:05:10','algorithm','6OT8072V58Z5N',NULL,NULL),('O16E3112','2021-08-06','test','03:20:00',NULL,'03:55:00','algorithm','Q897A6890HLPH',NULL,NULL),('O16E4113','2021-08-06','test','03:20:00',NULL,'03:15:00','algorithm','W963651S7589J',NULL,NULL),('O16E5114','2021-08-06','test','01:30:00',NULL,'01:56:00','algorithm','ZBBEE3OA3N89L',NULL,NULL),('O16E6115','2021-08-06','test','01:30:00',NULL,'02:04:00','algorithm','ZP4XBO036G25W',NULL,NULL),('O16E7124','2021-08-06','test','00:30:00',NULL,'00:16:00','etc','ZBBEE3OA3N89L',NULL,NULL),('O16E8125','2021-08-06','test','00:30:00',NULL,'00:14:00','etc','ZP4XBO036G25W',NULL,NULL),('O16E91A1','2021-08-06','test','03:30:00',NULL,'04:05:10','certificate','6OT8072V58Z5N',NULL,NULL),('O16F11A2','2021-08-06','test','02:00:00',NULL,'02:25:00','certificate','Q897A6890HLPH',NULL,NULL),('O16G11A1','2021-08-07','test','03:25:00',NULL,'03:27:10','framework','6OT8072V58Z5N',NULL,NULL),('O16G7152','2021-08-07','test','03:30:00',NULL,'03:55:00','cs','Q897A6890HLPH',NULL,NULL),('O16G8153','2021-08-07','test','03:30:00',NULL,'03:15:00','cs','W963651S7589J',NULL,NULL),('O16H4113','2021-08-07','test','03:20:00',NULL,'03:15:00','algorithm','W963651S7589J',NULL,NULL),('O16H5114','2021-08-07','test','01:30:00',NULL,'01:56:00','algorithm','ZBBEE3OA3N89L',NULL,NULL),('O16H6115','2021-08-07','test','01:30:00',NULL,'02:04:00','algorithm','ZP4XBO036G25W',NULL,NULL),('O16H91A1','2021-08-07','test','03:30:00',NULL,'04:05:10','certificate','6OT8072V58Z5N',NULL,NULL),('O16I11A2','2021-08-07','test','02:00:00',NULL,'02:25:00','certificate','Q897A6890HLPH',NULL,NULL),('O16J21A2','2021-08-08','test','01:00:00',NULL,'01:15:00','framework','Q897A6890HLPH',NULL,NULL),('O16J31A3','2021-08-08','test','01:10:00',NULL,'01:15:00','framework','W963651S7589J',NULL,NULL),('O16J6151','2021-08-08','test','01:25:00',NULL,'01:45:10','cs','6OT8072V58Z5N',NULL,NULL),('O16K5114','2021-08-08','test','01:30:00',NULL,'01:56:00','algorithm','ZBBEE3OA3N89L',NULL,NULL),('O16K6115','2021-08-08','test','01:30:00',NULL,'02:04:00','algorithm','ZP4XBO036G25W',NULL,NULL),('O16K7124','2021-08-08','test','00:30:00',NULL,'00:16:00','etc','ZBBEE3OA3N89L',NULL,NULL),('O16K8125','2021-08-08','test','00:30:00',NULL,'00:14:00','etc','ZP4XBO036G25W',NULL,NULL),('O17781A1','2021-07-26','브라우저 동작 방법','01:30:00',NULL,'01:45:55','algorithm','6OT8072V58Z5N',NULL,NULL),('O17981A1','2021-07-26','로그 레벨','01:05:00',NULL,'01:15:32','cs','6OT8072V58Z5N',NULL,NULL),('O18781A1','2021-07-26','웹 서버와 WAS의 차이점','01:35:00',NULL,'01:14:32','certificate','6OT8072V58Z5N',NULL,NULL),('O1A781A1','2021-07-26','UI와 UX','01:45:00',NULL,'01:45:14','etc','6OT8072V58Z5N',NULL,NULL),('O1B781A1','2021-07-26','매크로 사용법','01:14:00',NULL,'01:23:42','framework','6OT8072V58Z5N',NULL,NULL),('O1C781A2','2021-07-26','브라우저 동작 방법','01:15:00',NULL,'01:25:34','algorithm','Q897A6890HLPH',NULL,NULL),('O1D781A2','2021-07-26','웹 서버와 WAS의 차이점','01:10:00',NULL,'01:25:34','certificate','Q897A6890HLPH',NULL,NULL),('O1E781A2','2021-07-26','로그 레벨','01:35:00',NULL,'01:42:13','cs','Q897A6890HLPH',NULL,NULL),('O1F381A1','2021-08-15','자기소개서 준비','03:25:00',NULL,'02:45:10','etc','9WL0WA4L1UQ1E',NULL,NULL),('O1F381A3','2021-08-15','자기소개서 준비','02:45:00',NULL,'03:15:00','etc','W963651S7589J',NULL,NULL),('O1F381A4','2021-08-15','자기소개서 준비','03:20:00',NULL,'03:56:00','etc','ZBBEE3OA3N89L',NULL,NULL),('O1F381A5','2021-08-15','자기소개서 준비','03:10:00',NULL,'04:14:00','etc','ZP4XBO036G25W',NULL,NULL),('O1F481A1','2021-08-15','SQLD 준비','02:25:00',NULL,'02:23:10','certificate','9WL0WA4L1UQ1E',NULL,NULL),('O1F481A3','2021-08-15','SQLD 준비','01:45:00',NULL,'02:45:00','certificate','W963651S7589J',NULL,NULL),('O1F481A4','2021-08-15','SQLD 준비','02:20:00',NULL,'02:56:00','certificate','ZBBEE3OA3N89L',NULL,NULL),('O1F481A5','2021-08-15','SQLD 준비','02:10:00',NULL,'02:14:00','certificate','ZP4XBO036G25W',NULL,NULL),('O1F781A2','2021-07-26','UI와 UX','01:35:00',NULL,'01:55:34','etc','Q897A6890HLPH',NULL,NULL),('O20781A3','2021-07-26','브라우저 동작 방법','02:40:00',NULL,'02:15:20','algorithm','W963651S7589J',NULL,NULL),('O21781A3','2021-07-26','웹 서버와 WAS의 차이점','00:30:00',NULL,'00:52:23','certificate','W963651S7589J',NULL,NULL),('O22781A3','2021-07-26','로그 레벨','02:20:00',NULL,'02:22:15','cs','W963651S7589J',NULL,NULL),('O23781A4','2021-07-26','브라우저 동작 방법','01:50:00',NULL,'01:56:42','algorithm','ZBBEE3OA3N89L',NULL,NULL),('O24781A4','2021-07-26','웹 서버와 WAS의 차이점','01:20:00',NULL,'01:32:42','certificate','ZBBEE3OA3N89L',NULL,NULL),('O25781A5','2021-07-26','브라우저 동작 방법','00:50:00',NULL,'01:14:13','algorithm','ZP4XBO036G25W',NULL,NULL),('O26781A5','2021-07-26','웹 서버와 WAS의 차이점','01:50:00',NULL,'02:13:23','certificate','ZP4XBO036G25W',NULL,NULL),('O27781A5','2021-07-26','로그 레벨','01:50:00',NULL,'01:45:43','cs','ZP4XBO036G25W',NULL,NULL),('O28781A1','2021-07-27','Thread 활용','00:45:00',NULL,'01:14:12','algorithm','6OT8072V58Z5N',NULL,NULL),('O29781A2','2021-07-27','Thread 활용','00:55:00',NULL,'01:00:34','algorithm','Q897A6890HLPH',NULL,NULL),('O2A781A3','2021-07-27','Thread 활용','01:20:00',NULL,'01:13:25','algorithm','W963651S7589J',NULL,NULL),('O2B781A4','2021-07-27','Thread 활용','01:30:00',NULL,'01:46:42','algorithm','ZBBEE3OA3N89L',NULL,NULL),('O2C781A5','2021-07-27','Thread 활용','01:50:00',NULL,'01:55:13','algorithm','ZP4XBO036G25W',NULL,NULL),('O2D781A1','2021-07-27','문자열 클래스','01:15:00',NULL,'01:23:31','algorithm','6OT8072V58Z5N',NULL,NULL),('O2E781A2','2021-07-27','문자열 클래스','01:00:00',NULL,'01:25:34','certificate','Q897A6890HLPH',NULL,NULL),('O2F781A3','2021-07-27','문자열 클래스','00:50:00',NULL,'00:52:23','certificate','W963651S7589J',NULL,NULL),('O30781A4','2021-07-27','문자열 클래스','01:10:00',NULL,'01:32:42','certificate','ZBBEE3OA3N89L',NULL,NULL),('O31781A5','2021-07-27','문자열 클래스','01:20:00',NULL,'01:53:23','algorithm','ZP4XBO036G25W',NULL,NULL),('O32981A1','2021-07-27','Thread 활용','02:05:00',NULL,'01:55:22','cs','6OT8072V58Z5N',NULL,NULL),('O33781A2','2021-07-27','Thread 활용','01:15:00',NULL,'01:22:43','cs','Q897A6890HLPH',NULL,NULL),('O34781A3','2021-07-27','Thread 활용','01:50:00',NULL,'02:12:15','framework','W963651S7589J',NULL,NULL),('O35781A4','2021-07-27','Thread 활용','00:50:00',NULL,'01:00:22','certificate','ZBBEE3OA3N89L',NULL,NULL),('O36781A5','2021-07-27','Thread 활용','00:50:00',NULL,'01:15:33','cs','ZP4XBO036G25W',NULL,NULL),('O37781A1','2021-07-28','Thread 활용','01:15:00',NULL,'01:14:12','framework','6OT8072V58Z5N',NULL,NULL),('O38781A2','2021-07-28','Thread 활용','01:55:00',NULL,'02:00:34','framework','Q897A6890HLPH',NULL,NULL),('O39781A3','2021-07-28','Thread 활용','02:20:00',NULL,'02:13:25','framework','W963651S7589J',NULL,NULL),('O3A781A4','2021-07-28','Thread 활용','01:15:00',NULL,'01:32:42','framework','ZBBEE3OA3N89L',NULL,NULL),('O3B781A5','2021-07-28','Thread 활용','00:50:00',NULL,'01:11:13','framework','ZP4XBO036G25W',NULL,NULL),('O3C781A1','2021-07-28','문자열 클래스','00:55:00',NULL,'01:03:41','algorithm','6OT8072V58Z5N',NULL,NULL),('O3D781A2','2021-07-28','문자열 클래스','01:15:00',NULL,'01:15:14','certificate','Q897A6890HLPH',NULL,NULL),('O3E781A3','2021-07-28','문자열 클래스','01:00:00',NULL,'00:55:22','certificate','W963651S7589J',NULL,NULL),('O3F781A4','2021-07-28','문자열 클래스','00:50:00',NULL,'01:14:32','certificate','ZBBEE3OA3N89L',NULL,NULL),('O40781A5','2021-07-28','문자열 클래스','01:15:00',NULL,'01:43:13','algorithm','ZP4XBO036G25W',NULL,NULL),('O41981A1','2021-07-28','Thread 활용','01:15:00',NULL,'01:21:12','etc','6OT8072V58Z5N',NULL,NULL),('O42781A2','2021-07-28','Thread 활용','01:30:00',NULL,'01:42:42','cs','Q897A6890HLPH',NULL,NULL),('O43781A4','2021-07-28','Thread 활용','02:10:00',NULL,'01:55:32','etc','ZBBEE3OA3N89L',NULL,NULL),('O44781A5','2021-07-28','Thread 활용','01:10:00',NULL,'01:15:43','framework','ZP4XBO036G25W',NULL,NULL),('O45781A2','2021-07-28','Thread 활용','01:10:00',NULL,'01:23:42','algorithm','Q897A6890HLPH',NULL,NULL),('O46781A5','2021-07-28','Thread 활용','01:30:00',NULL,'01:44:43','algorithm','ZP4XBO036G25W',NULL,NULL),('O47781A1','2021-07-29','Thread 활용','01:00:00',NULL,'01:12:12','certificate','6OT8072V58Z5N',NULL,NULL),('O48781A2','2021-07-29','Thread 활용','01:25:00',NULL,'01:50:34','framework','Q897A6890HLPH',NULL,NULL),('O49781A3','2021-07-29','Thread 활용','01:20:00',NULL,'01:23:23','certificate','W963651S7589J',NULL,NULL),('O4A781A4','2021-07-29','Thread 활용','00:45:00',NULL,'01:15:42','cs','ZBBEE3OA3N89L',NULL,NULL),('O4B781A5','2021-07-29','Thread 활용','02:15:00',NULL,'01:44:43','algorithm','ZP4XBO036G25W',NULL,NULL),('O4C781A2','2021-07-29','Thread 활용','01:00:00',NULL,'01:24:34','etc','Q897A6890HLPH',NULL,NULL),('O4E781A3','2021-07-29','Thread 활용','01:40:00',NULL,'01:53:13','etc','W963651S7589J',NULL,NULL),('O4F781A5','2021-07-29','Thread 활용','00:50:00',NULL,'01:43:23','algorithm','ZP4XBO036G25W',NULL,NULL),('O50781A2','2021-07-29','Thread 활용','01:14:00',NULL,'01:26:17','etc','Q897A6890HLPH',NULL,NULL),('O51781A3','2021-07-29','Thread 활용','01:15:00',NULL,'01:23:32','etc','W963651S7589J',NULL,NULL),('O52781A5','2021-07-29','Thread 활용','01:50:00',NULL,'02:07:43','algorithm','ZP4XBO036G25W',NULL,NULL),('O53781A3','2021-07-29','Thread 활용','00:50:00',NULL,'01:11:12','framework','W963651S7589J',NULL,NULL),('O54781A5','2021-07-29','Thread 활용','01:15:00',NULL,'01:35:43','certificate','ZP4XBO036G25W',NULL,NULL),('O60781A1','2021-07-30','Thread 활용','01:30:00',NULL,'01:12:44','certificate','6OT8072V58Z5N',NULL,NULL),('O61781A2','2021-07-30','Thread 활용','01:45:00',NULL,'01:55:34','framework','Q897A6890HLPH',NULL,NULL),('O62781A3','2021-07-30','Thread 활용','01:30:00',NULL,'01:42:13','certificate','W963651S7589J',NULL,NULL),('O63781A4','2021-07-30','Thread 활용','00:50:00',NULL,'01:05:42','cs','ZBBEE3OA3N89L',NULL,NULL),('O64781A5','2021-07-30','Thread 활용','02:15:00',NULL,'02:24:43','algorithm','ZP4XBO036G25W',NULL,NULL),('O65781A1','2021-07-30','Thread 활용','01:15:00',NULL,'01:12:44','algorithm','6OT8072V58Z5N',NULL,NULL),('O66781A2','2021-07-30','Thread 활용','01:15:00',NULL,'01:23:34','algorithm','Q897A6890HLPH',NULL,NULL),('O67781A3','2021-07-30','Thread 활용','01:50:00',NULL,'01:55:13','etc','W963651S7589J',NULL,NULL),('O68781A4','2021-07-30','Thread 활용','02:20:00',NULL,'01:45:42','etc','ZBBEE3OA3N89L',NULL,NULL),('O69781A5','2021-07-30','Thread 활용','01:00:00',NULL,'01:12:43','algorithm','ZP4XBO036G25W',NULL,NULL),('O6A781A1','2021-07-30','Thread 활용','01:30:00',NULL,'01:54:23','algorithm','6OT8072V58Z5N',NULL,NULL),('O6B781A2','2021-07-30','Thread 활용','00:55:00',NULL,'01:13:34','framework','Q897A6890HLPH',NULL,NULL),('O6C781A3','2021-07-30','Thread 활용','01:30:00',NULL,'01:15:13','algorithm','W963651S7589J',NULL,NULL),('O6D781A4','2021-07-30','Thread 활용','00:50:00',NULL,'01:10:12','framework','ZBBEE3OA3N89L',NULL,NULL),('O6E781A5','2021-07-30','Thread 활용','01:30:00',NULL,'01:43:23','framework','ZP4XBO036G25W',NULL,NULL),('O6F781A1','2021-07-30','Thread 활용','01:15:00',NULL,'01:34:15','etc','6OT8072V58Z5N',NULL,NULL),('O70781A3','2021-07-30','Thread 활용','00:50:00',NULL,'01:03:42','etc','W963651S7589J',NULL,NULL),('O71781A5','2021-07-30','Thread 활용','01:15:00',NULL,'01:32:13','etc','ZP4XBO036G25W',NULL,NULL),('O72781A3','2021-07-30','Thread 활용','00:50:00',NULL,'01:15:42','algorithm','W963651S7589J',NULL,NULL),('O75781A1','2021-07-31','Thread 활용','01:00:00',NULL,'01:23:44','certificate','6OT8072V58Z5N',NULL,NULL),('O76781A3','2021-07-31','Thread 활용','01:15:00',NULL,'01:10:13','framework','W963651S7589J',NULL,NULL),('O77781A5','2021-07-31','Thread 활용','02:15:00',NULL,'02:35:43','cs','ZP4XBO036G25W',NULL,NULL),('O78781A1','2021-07-31','Thread 활용','01:30:00',NULL,'01:42:14','algorithm','6OT8072V58Z5N',NULL,NULL),('O79781A3','2021-07-31','Thread 활용','00:50:00',NULL,'01:13:13','algorithm','W963651S7589J',NULL,NULL),('O7A781A1','2021-07-31','Thread 활용','01:15:00',NULL,'01:53:12','algorithm','6OT8072V58Z5N',NULL,NULL),('O80781A2','2021-08-01','Thread 활용','01:15:00',NULL,'01:03:42','framework','Q897A6890HLPH',NULL,NULL),('O81781A4','2021-08-01','Thread 활용','01:15:00',NULL,'01:24:31','cs','ZBBEE3OA3N89L',NULL,NULL),('O82781A5','2021-08-01','Thread 활용','01:30:00',NULL,'02:53:33','etc','ZP4XBO036G25W',NULL,NULL),('O83781A2','2021-08-01','Thread 활용','01:15:00',NULL,'01:32:32','algorithm','Q897A6890HLPH',NULL,NULL),('O84781A4','2021-08-01','Thread 활용','00:50:00',NULL,'01:13:12','etc','ZBBEE3OA3N89L',NULL,NULL),('O85781A5','2021-08-01','Thread 활용','01:30:00',NULL,'01:17:23','framework','ZP4XBO036G25W',NULL,NULL),('O86781A4','2021-08-01','Thread 활용','01:00:00',NULL,'01:00:12','cs','ZBBEE3OA3N89L',NULL,NULL),('O90781A1','2021-08-18','test','01:00:00',NULL,'01:11:31','algorithm','6OT8072V58Z5N',NULL,NULL),('O91781A3','2021-08-18','test','01:30:00',NULL,'01:45:32','framework','W963651S7589J',NULL,NULL),('O92781A2','2021-08-18','test','02:15:00',NULL,'02:32:11','algorithm','Q897A6890HLPH',NULL,NULL),('O93781A4','2021-08-18','test','01:50:00',NULL,'02:12:31','etc','ZBBEE3OA3N89L',NULL,NULL),('O94781A5','2021-08-18','test','01:15:00',NULL,'01:24:23','algorithm','ZP4XBO036G25W',NULL,NULL),('O95781A1','2021-08-18','test','01:15:00',NULL,'01:21:41','algorithm','6OT8072V58Z5N',NULL,NULL),('O96781A3','2021-08-18','test','01:15:00',NULL,'01:08:28','certificate','W963651S7589J',NULL,NULL),('O97781A2','2021-08-18','test','01:00:00',NULL,'01:31:37','etc','Q897A6890HLPH',NULL,NULL),('O98781A4','2021-08-18','test','01:30:00',NULL,'01:32:31','certificate','ZBBEE3OA3N89L',NULL,NULL),('O99781A5','2021-08-18','test','00:50:00',NULL,'01:11:23','etc','ZP4XBO036G25W',NULL,NULL),('O9A781A1','2021-08-18','test','01:00:00',NULL,'01:11:41','certificate','6OT8072V58Z5N',NULL,NULL),('O9B781A3','2021-08-18','test','00:50:00',NULL,'01:02:28','certificate','W963651S7589J',NULL,NULL),('O9C781A2','2021-08-18','test','01:15:00',NULL,'01:21:37','framework','Q897A6890HLPH',NULL,NULL),('O9D781A4','2021-08-18','test','01:10:00',NULL,'01:42:31','framework','ZBBEE3OA3N89L',NULL,NULL),('O9E781A5','2021-08-18','test','01:50:00',NULL,'01:35:23','certificate','ZP4XBO036G25W',NULL,NULL),('O9F781A3','2021-08-18','test','01:15:00',NULL,'01:42:18','cs','W963651S7589J',NULL,NULL),('P00781A2','2021-08-18','test','00:50:00',NULL,'01:13:27','framework','Q897A6890HLPH',NULL,NULL),('P01781A5','2021-08-18','test','01:15:00',NULL,'01:03:24','cs','ZP4XBO036G25W',NULL,NULL),('P02781A3','2021-08-18','test','00:50:00',NULL,'01:13:32','algorithm','W963651S7589J',NULL,NULL),('P10781A1','2021-08-19','test','01:30:00',NULL,'01:32:31','certificate','6OT8072V58Z5N',NULL,NULL),('P11781A3','2021-08-19','test','01:15:00',NULL,'01:25:32','framework','W963651S7589J',NULL,NULL),('P12781A2','2021-08-19','test','01:50:00',NULL,'01:42:11','framework','Q897A6890HLPH',NULL,NULL),('P13781A4','2021-08-19','vue router 공부','01:50:00',NULL,'01:55:31','framework','ZBBEE3OA3N89L',NULL,NULL),('P14781A5','2021-08-19','test','02:15:00',NULL,'02:32:23','certificate','ZP4XBO036G25W',NULL,NULL),('P15781A1','2021-08-19','test','01:15:00',NULL,'01:25:15','cs','6OT8072V58Z5N',NULL,NULL),('P16781A3','2021-08-19','test','01:30:00',NULL,'01:43:31','cs','W963651S7589J',NULL,NULL),('P17781A2','2021-08-19','test','00:50:00',NULL,'01:12:42','algorithm','Q897A6890HLPH',NULL,NULL),('P19781A5','2021-08-19','test','00:50:00',NULL,'01:12:23','cs','ZP4XBO036G25W',NULL,NULL),('P1A781A1','2021-08-19','test','01:00:00',NULL,'01:35:15','algorithm','6OT8072V58Z5N',NULL,NULL),('P1B781A3','2021-08-19','test','01:30:00',NULL,'01:23:31','cs','W963651S7589J',NULL,NULL),('P1C781A2','2021-08-19','test','01:50:00',NULL,'01:23:42','etc','Q897A6890HLPH',NULL,NULL),('P1E781A5','2021-08-19','test','01:50:00',NULL,'01:56:21','etc','ZP4XBO036G25W',NULL,NULL),('P20781A3','2021-08-19','test','01:15:00',NULL,'01:23:29','cs','W963651S7589J',NULL,NULL),('P22781A5','2021-08-19','test','01:30:00',NULL,'01:32:17','etc','ZP4XBO036G25W',NULL,NULL),('P23781A3','2021-08-19','test','01:00:00',NULL,'01:13:16','algorithm','W963651S7589J',NULL,NULL),('PE129J60','2021-08-18','백준 1334번 문제 풀기','00:40:00',NULL,'00:41:36','algorithm','629Q0LC8H2OC7',NULL,NULL),('PE129J61','2021-08-18','백준 2433번 문제 풀기','00:40:00',NULL,'01:21:46','algorithm','629Q0LC8H2OC7',NULL,NULL),('PE129J70','2021-08-19','백준 4020번 문제 풀기','00:40:00',NULL,'00:43:24','algorithm','629Q0LC8H2OC7',NULL,NULL),('Q8L5C132','2021-08-16','네트워크 0816','01:00:00','\0','00:06:27','cs','ZBBEE3OA3N89L','2021-08-16 01:52:02.321099',''),('QE123E28','2021-08-15','백준 7554번 문제 풀기','00:40:00',NULL,'00:45:23','algorithm','629Q0LC8H2OC7',NULL,NULL),('QE123E48','2021-08-16','백준 7554번 문제 풀기','00:40:00',NULL,'00:45:23','algorithm','629Q0LC8H2OC7',NULL,NULL),('QE129J58','2021-08-15','백준 2433번 문제 풀기','00:40:00',NULL,'01:25:01','algorithm','629Q0LC8H2OC7',NULL,NULL),('QW130A50','2021-08-09','test','00:30:00',NULL,'00:25:34','algorithm','629Q0LC8H2OC7',NULL,NULL),('QW130A51','2021-08-09','test','00:40:00',NULL,'00:45:37','cs','629Q0LC8H2OC7',NULL,NULL),('QW130A52','2021-08-09','test','00:30:00',NULL,'00:10:54','framework','629Q0LC8H2OC7',NULL,NULL),('QW130A53','2021-08-10','test','00:40:00',NULL,'00:45:44','cs','629Q0LC8H2OC7',NULL,NULL),('QW130A54','2021-08-10','test','00:50:00',NULL,'01:08:09','cs','629Q0LC8H2OC7',NULL,NULL),('QW130A55','2021-08-10','test','01:00:00',NULL,'01:25:34','cs','629Q0LC8H2OC7',NULL,NULL),('QW130A56','2021-08-10','test','01:00:00',NULL,'01:12:54','cs','629Q0LC8H2OC7',NULL,NULL),('QW130A57','2021-08-11','test','00:30:00',NULL,'00:55:13','algorithm','629Q0LC8H2OC7',NULL,NULL),('QW130A58','2021-08-11','test','00:40:00',NULL,'01:00:34','algorithm','629Q0LC8H2OC7',NULL,NULL),('QW130A59','2021-08-11','test','00:30:00',NULL,'01:08:25','algorithm','629Q0LC8H2OC7',NULL,NULL),('QW130A60','2021-08-12','test','00:40:00',NULL,'00:55:34','cs','629Q0LC8H2OC7',NULL,NULL),('QW130A61','2021-08-12','test','00:50:00',NULL,'01:21:38','cs','629Q0LC8H2OC7',NULL,NULL),('QW130A62','2021-08-12','test','00:35:00',NULL,'00:25:34','etc','629Q0LC8H2OC7',NULL,NULL),('QW130A63','2021-08-13','test','01:10:00',NULL,'01:25:14','cs','629Q0LC8H2OC7',NULL,NULL),('QW130A64','2021-08-13','test','01:20:00',NULL,'01:46:57','algorithm','629Q0LC8H2OC7',NULL,NULL),('QW130A65','2021-08-13','test','00:20:00',NULL,'00:27:54','cs','629Q0LC8H2OC7',NULL,NULL),('QW130A66','2021-08-13','test','00:40:00',NULL,'01:05:46','cs','629Q0LC8H2OC7',NULL,NULL),('QW130A67','2021-08-13','test','00:50:00',NULL,'01:15:48','cs','629Q0LC8H2OC7',NULL,NULL),('QW130A68','2021-08-14','test','00:30:00',NULL,'00:55:34','algorithm','629Q0LC8H2OC7',NULL,NULL),('QW130A69','2021-08-14','test','01:00:00',NULL,'01:31:48','algorithm','629Q0LC8H2OC7',NULL,NULL),('QW130A70','2021-08-14','test','01:00:00',NULL,'01:05:27','algorithm','629Q0LC8H2OC7',NULL,NULL),('QW130A71','2021-08-14','test','00:50:00',NULL,'01:00:36','cs','629Q0LC8H2OC7',NULL,NULL),('R7XYNQ66','2021-08-19','스프링 시큐리티 공부','00:20:00','\0','00:00:00','framework','ZBBEE3OA3N89L','2021-08-19 21:17:47.539628','\0'),('SD126J55','2021-08-03','브라우저 동작 방법','01:00:00',NULL,'01:10:32','cs','629Q0LC8H2OC7',NULL,NULL),('SDF481A1','2021-08-14','백준 1232번 문제','01:00:00',NULL,'02:11:00','algorithm','9WL0WA4L1UQ1E',NULL,NULL),('SDF481A3','2021-08-14','백준 1232번 문제','01:00:00',NULL,'01:31:00','algorithm','W963651S7589J',NULL,NULL),('SDF481A4','2021-08-14','백준 1232번 문제','01:00:00',NULL,'01:31:00','algorithm','ZBBEE3OA3N89L',NULL,NULL),('SDF481A5','2021-08-14','백준 1232번 문제','01:00:00',NULL,'01:21:00','algorithm','ZP4XBO036G25W',NULL,NULL),('SDFA81A1','2021-08-15','백준 1233번 문제','01:00:00',NULL,'02:10:00','algorithm','9WL0WA4L1UQ1E',NULL,NULL),('SDFA81A3','2021-08-15','백준 1233번 문제','01:00:00',NULL,'01:35:00','algorithm','W963651S7589J',NULL,NULL),('SDFA81A4','2021-08-15','백준 1233번 문제','01:00:00',NULL,'01:30:00','algorithm','ZBBEE3OA3N89L',NULL,NULL),('SDFA81A5','2021-08-15','백준 1233번 문제','01:00:00',NULL,'01:20:00','algorithm','ZP4XBO036G25W',NULL,NULL),('SF3Z1B40','2021-08-09','백준 13460 구슬 탈출2','01:30:00',NULL,'01:47:34','algorithm','8HK63Z9CSQW10',NULL,NULL),('SF3Z1B41','2021-08-09','백준 12100 2048','01:30:00',NULL,'02:12:51','algorithm','8HK63Z9CSQW10',NULL,NULL),('SF3Z1B42','2021-08-09','종만북:실수 자료형의 이해','01:15:00',NULL,'01:17:55','algorithm','8HK63Z9CSQW10',NULL,NULL),('SF3Z1B43','2021-08-09','IoC/DI - 제어의 역전/의존성 주입이란','00:50:00',NULL,'01:10:55','framework','8HK63Z9CSQW10',NULL,NULL),('SF3Z2B40','2021-08-10','프로그래머스 로또의 최고 순위와 최저 순위','01:15:00',NULL,'02:22:34','algorithm','8HK63Z9CSQW10',NULL,NULL),('SF3Z2B41','2021-08-10','프로그래머스 오픈채팅방','01:30:00',NULL,'01:55:12','algorithm','8HK63Z9CSQW10',NULL,NULL),('SF3Z2B42','2021-08-10','종만북:알고리즘의란 시간 복잡도 분석','01:00:00',NULL,'01:12:42','algorithm','8HK63Z9CSQW10',NULL,NULL),('SF3Z3B40','2021-08-11','프로그래머스 신규아이디추천','01:00:00',NULL,'01:12:15','algorithm','8HK63Z9CSQW10',NULL,NULL),('SF3Z3B41','2021-08-11','프로그래머스 추석 트래픽','02:00:00',NULL,'02:52:12','algorithm','8HK63Z9CSQW10',NULL,NULL),('SF3Z3B42','2021-08-11','프로그래머스 메뉴 리뉴얼','01:15:00',NULL,'00:55:43','algorithm','8HK63Z9CSQW10',NULL,NULL),('SF3Z3B43','2021-08-11','종만북:알고리즘의 정당성 증명','01:30:00',NULL,'01:43:23','algorithm','8HK63Z9CSQW10',NULL,NULL),('SF3Z4B40','2021-08-12','프로그래머스 징검다리','02:30:00',NULL,'03:23:12','algorithm','8HK63Z9CSQW10',NULL,NULL),('SF3Z4B41','2021-08-12','프로그래머스 방의 개수','02:30:00',NULL,'03:41:12','algorithm','8HK63Z9CSQW10',NULL,NULL),('SF3Z4B42','2021-08-12','CSRF 와 XSS','00:50:00',NULL,'01:11:42','cs','8HK63Z9CSQW10',NULL,NULL),('SF3Z5B40','2021-08-13','백준 15685 드래곤 커브','01:30:00',NULL,'02:12:32','algorithm','8HK63Z9CSQW10',NULL,NULL),('SF3Z5B41','2021-08-13','백준 17144 미세먼지안녕','01:45:00',NULL,'01:32:31','algorithm','8HK63Z9CSQW10',NULL,NULL),('SF3Z6B40','2021-08-14','백준 20056 마법사 상어와 파이어볼','02:00:00',NULL,'01:23:34','algorithm','8HK63Z9CSQW10',NULL,NULL),('SF3Z6B41','2021-08-14','백준 19237 어른상어','01:45:00',NULL,'02:32:18','algorithm','8HK63Z9CSQW10',NULL,NULL),('SF3Z6B42','2021-08-14','종만북:분할 정복','01:30:00',NULL,'01:34:33','algorithm','8HK63Z9CSQW10',NULL,NULL),('SF3Z6B43','2021-08-14','AOP Aspect,관점,핵심 관심사,횡단 관심사','00:50:00',NULL,'01:12:33','framework','8HK63Z9CSQW10',NULL,NULL),('SQ423J44','2021-08-17','프로그래머스 SQL 고득점 Kit : SUM, MAX, MIN','00:45:00',NULL,'00:47:21','certificate','629Q0LC8H2OC7',NULL,NULL),('SQ432J54','2021-08-17','프로그래머스 SQL 고득점 Kit : SELECT','00:45:00',NULL,'00:45:01','certificate','629Q0LC8H2OC7',NULL,NULL),('SQ455J34','2021-08-17','프로그래머스 SQL 고득점 Kit : IS NULL','00:45:00',NULL,'00:46:21','certificate','629Q0LC8H2OC7',NULL,NULL),('SQ466J24','2021-08-17','프로그래머스 SQL 고득점 Kit : GROUP BY','00:45:00',NULL,'00:57:03','certificate','629Q0LC8H2OC7',NULL,NULL),('T4677A06','2021-08-20','백준 1982 풀이','00:30:00','\0','00:00:09','algorithm','ZBBEE3OA3N89L','2021-08-20 02:15:05.470595',''),('TD123A45','2021-08-01','스프링 프레임워크란','01:40:00',NULL,'01:52:42','framework','629Q0LC8H2OC7',NULL,NULL),('TD123B46','2021-08-01','Spring, Spring MVC, Spring Boot의 차이','01:30:00',NULL,'01:30:20','framework','629Q0LC8H2OC7',NULL,NULL),('TE124G51','2021-08-02','토비의 스프링 : 1장 오브젝트와 의존관계','01:30:00',NULL,'00:10:32','framework','629Q0LC8H2OC7',NULL,NULL),('TE125H52','2021-08-03','토비의 스프링 : 1장 오브젝트와 의존관계','01:30:00',NULL,'01:30:32','framework','629Q0LC8H2OC7',NULL,NULL),('UQ128J57','2021-08-05','HTTP Status Code','00:40:00',NULL,'00:56:07','cs','629Q0LC8H2OC7',NULL,NULL),('UQ129J58','2021-08-06','REST API','00:50:00',NULL,'00:55:44','cs','629Q0LC8H2OC7',NULL,NULL),('UQ129J59','2021-08-07','웹 서버와 WAS의 차이점','00:50:00',NULL,'00:55:44','cs','629Q0LC8H2OC7',NULL,NULL),('UQ130J59','2021-08-06','웹 서버와 WAS의 차이점','00:50:00',NULL,'00:05:44','cs','629Q0LC8H2OC7',NULL,NULL),('V4T4D8PO','2021-08-17','네트워크 공부','01:20:00','\0','00:00:00','cs','ZBBEE3OA3N89L','2021-08-17 21:20:38.716231','\0'),('W71U2D0M','2021-08-17','0817 cs','02:00:00','\0','00:00:13','cs','ZBBEE3OA3N89L','2021-08-16 11:59:19.419601',''),('ZD123C47','2021-08-01','백준 2135번 문제 풀기','00:40:00',NULL,'01:20:32','algorithm','629Q0LC8H2OC7',NULL,NULL),('ZD125I53','2021-08-03','백준 4456번 문제 풀기','00:30:00',NULL,'00:10:32','algorithm','629Q0LC8H2OC7',NULL,NULL),('ZE124D48','2021-08-02','백준 12323번 문제 풀기','00:40:00',NULL,'01:00:02','algorithm','629Q0LC8H2OC7',NULL,NULL),('ZE124E49','2021-08-02','백준 3829번 문제 풀기','00:40:00',NULL,'00:57:12','algorithm','629Q0LC8H2OC7',NULL,NULL),('ZE124F50','2021-08-02','백준 1556번 문제 풀기','00:40:00',NULL,'01:20:32','algorithm','629Q0LC8H2OC7',NULL,NULL),('ZQ125J54','2021-08-04','백준 3244번 문제 풀기','00:40:00',NULL,'00:56:02','algorithm','629Q0LC8H2OC7',NULL,NULL),('ZQ126J55','2021-08-04','백준 2345번 문제 풀기','00:40:00',NULL,'00:40:05','algorithm','629Q0LC8H2OC7',NULL,NULL),('ZQ127J56','2021-08-04','백준 12525번 문제 풀기','00:40:00',NULL,'01:36:24','algorithm','629Q0LC8H2OC7',NULL,NULL),('ZQ128J57','2021-08-04','백준 15666번 문제 풀기','00:40:00',NULL,'00:56:07','algorithm','629Q0LC8H2OC7',NULL,NULL),('ZQ129J58','2021-08-04','백준 2982번 문제 풀기','00:40:00',NULL,'00:45:44','algorithm','629Q0LC8H2OC7',NULL,NULL);
/*!40000 ALTER TABLE `todo` ENABLE KEYS */;
UNLOCK TABLES;

--
-- Table structure for table `user`
--

DROP TABLE IF EXISTS `user`;
/*!40101 SET @saved_cs_client     = @@character_set_client */;
/*!40101 SET character_set_client = utf8 */;
CREATE TABLE `user` (
  `userid` varchar(20) NOT NULL,
  `email` varchar(30) NOT NULL,
  `nickname` varchar(20) NOT NULL,
  `password` varchar(100) DEFAULT NULL,
  `githubId` varchar(30) DEFAULT NULL,
  `positionid` int(11) DEFAULT NULL,
  `social` varchar(20) DEFAULT NULL,
  `image` varchar(200) DEFAULT NULL,
  PRIMARY KEY (`userid`),
  KEY `user_ibfk_1` (`positionid`),
  CONSTRAINT `user_ibfk_1` FOREIGN KEY (`positionid`) REFERENCES `positions` (`positionid`)
) ENGINE=InnoDB DEFAULT CHARSET=utf8mb4;
/*!40101 SET character_set_client = @saved_cs_client */;

--
-- Dumping data for table `user`
--

LOCK TABLES `user` WRITE;
/*!40000 ALTER TABLE `user` DISABLE KEYS */;
INSERT INTO `user` VALUES ('2U7G0L25L95F0','kite324@naver.com','ekdus','$2a$10$eFtb4/gV7rJzPnEvzZtdPeGUAm22Bx2tZUDUQn5jawYMxEdt3jjOe','asdf',5,NULL,'https://ohnaco.s3.ap-northeast-2.amazonaws.com/defaultProfile'),('629Q0LC8H2OC7','gono9710@gmail.com','하얀곰','$2a$10$8KOE4IdHpyT5CDs0IHPjHOhW3QDNxoska0xdP6S.G316Yb3j7uIjm','nohyoonko',2,NULL,'https://ohnaco.s3.ap-northeast-2.amazonaws.com/gono9710@gmail.com.jpg?test=lr0aj8b9q'),('6OT8072V58Z5N','allkites324@gmail.com','dayeon','$2a$10$hnbvutmeeGWd2Q42UHvQpevxJw.iOLxh2ldRoPuCm3B1rxS0w.ftm','dayeonyang0324',1,NULL,'https://ohnaco.s3.ap-northeast-2.amazonaws.com/allkites324@gmail.com.jpg?test=ages5n4ww'),('8HK63Z9CSQW10','sonch12@naver.com','sonch12','$2a$10$5L9rvG9kf3j1.ygSSAMfm..4z5jTyurkFsjVmKkhoFDCCjWaEvX1e','Changhwan-Son',2,NULL,'https://ohnaco.s3.ap-northeast-2.amazonaws.com/sonch12@naver.com.jpg?test=vz4r1qmrq'),('9770KR3A401MC','jisug356@gmail.com','naco','$2a$10$zhDdT.BZlsJFpb8oZtfw5uuyy5EryTueMke3FXd7qVgb.0QRGzCcG','',1,NULL,'https://ohnaco.s3.ap-northeast-2.amazonaws.com/defaultProfile'),('9WL0WA4L1UQ1E','sonch96@hanmail.net','한메일','$2a$10$v3GLMGI/iUs5drVqnBnaMOWtJms0w0aGEKZGv9azdBfU0xUHbfuem','Changhwan-Son',4,NULL,'https://ohnaco.s3.ap-northeast-2.amazonaws.com/defaultProfile'),('D0X5FTJASSC8I','rosyrossy.us@gmail.com','거북목','$2a$10$zJznMh1lv9WQDEomhGmWdONJDFuWmPUyolS2t4MREVpg7CWxBZ0Yu','geobook',1,NULL,'https://ohnaco.s3.ap-northeast-2.amazonaws.com/defaultProfile'),('Q897A6890HLPH','jbjb4467@gmail.com','jbjb','$2a$10$7Ie0mSi67/Yd660KsbMKx.k2xR2lKz8JJrBQg7WbSwAhoFRHtieAa','jbjb4467',1,NULL,'https://ohnaco.s3.ap-northeast-2.amazonaws.com/defaultProfile'),('W963651S7589J','kimho1995@naver.com','kimho11','$2a$10$XY2hYP3D.Or7CcuFOf8pgeVBMV76IYitBECJl261JBkQ9IVxlWtiG','kimho1995',2,NULL,'https://ohnaco.s3.ap-northeast-2.amazonaws.com/kimho1995@naver.com.jpg?test=3v7e1mzxa'),('ZBBEE3OA3N89L','dngus9611@naver.com','dnguszz','$2a$10$WOpIis3C4L9/608UWUfvpuIYVjCFd9gdWPlgoBlcZMwqsM3uKHQaO','dnguszz',1,NULL,'https://ohnaco.s3.ap-northeast-2.amazonaws.com/dngus9611@naver.com.jpg?test=l5i7lx0si'),('ZP4XBO036G25W','sonch7132@gmail.com','코딩고수','$2a$10$xy8aNUSYYATZmEKk1ZsbAelcP2kN9/OD3SwPHMfM51jpLH6c8GLDm','Changhwan-Son',2,NULL,'https://ohnaco.s3.ap-northeast-2.amazonaws.com/defaultProfile');
/*!40000 ALTER TABLE `user` ENABLE KEYS */;
UNLOCK TABLES;
/*!40103 SET TIME_ZONE=@OLD_TIME_ZONE */;

/*!40101 SET SQL_MODE=@OLD_SQL_MODE */;
/*!40014 SET FOREIGN_KEY_CHECKS=@OLD_FOREIGN_KEY_CHECKS */;
/*!40014 SET UNIQUE_CHECKS=@OLD_UNIQUE_CHECKS */;
/*!40101 SET CHARACTER_SET_CLIENT=@OLD_CHARACTER_SET_CLIENT */;
/*!40101 SET CHARACTER_SET_RESULTS=@OLD_CHARACTER_SET_RESULTS */;
/*!40101 SET COLLATION_CONNECTION=@OLD_COLLATION_CONNECTION */;
/*!40111 SET SQL_NOTES=@OLD_SQL_NOTES */;

-- Dump completed on 2021-08-20 10:06:12
